date,vix,vix_5d_chg_pct,us10y,us10y_5d_chg_pct,dxy,dxy_5d_chg_pct,sp500,sp500_5d_chg_pct,gold,gold_5d_chg_pct,oil,oil_5d_chg_pct,fed_funds_rate,cpi_yoy_pct,unemployment_rate,risk_regime,dollar_regime,rate_regime,generated_at,vix9d,vix9d_5d_chg_pct,vix3m,vix3m_5d_chg_pct,vix_term_slope,fed_hawkishness_avg
2026-05-18,17.82,-3.0468,4.623,4.8299,98.961,1.0425,7403.0498,-0.1321,4568.6001,-3.181,101.62,3.6199,3.64,3.7792,4.3,NEUTRAL,DOLLAR_STRENGTH,HAWKISH,2026-05-18T20:37:39.587901,,,,,,
2026-05-19,18.16,0.945,4.667,4.5709,99.323,1.051,7353.6099,-0.6398,4489.1001,-4.0298,104.42,2.1922,3.64,3.7792,4.3,NEUTRAL,DOLLAR_STRENGTH,HAWKISH,2026-05-19T20:20:54.952305,,,,,,
2026-05-20,17.44,-2.4063,4.572,2.0308,99.125,0.655,7432.9702,-0.1515,4546.2002,-3.225,99.08,-1.9204,3.64,3.7792,4.3,NEUTRAL,DOLLAR_STRENGTH,HAWKISH,2026-05-20T21:35:18.081739,,,,,,
2026-05-21,16.76,-2.8969,4.586,2.8021,99.203,0.3267,7445.7202,-0.7401,4542.1001,-2.9072,97.66,-3.4694,3.64,3.7792,4.3,NEUTRAL,DOLLAR_NEUTRAL,HAWKISH,2026-05-21T20:29:34.320025,14.09,-6.9353,20.0,-4.0767,0.3526,0.0
2026-05-22,16.58,-10.038,4.558,-0.8052,99.259,-0.0111,7479.5898,0.9596,4510.2002,-1.0009,96.72,-8.2527,3.64,3.7792,4.3,NEUTRAL,DOLLAR_NEUTRAL,HAWKISH,2026-05-22T19:20:31.589735,13.86,-15.3329,19.9,-6.8352,0.3643,0.0
2026-05-23,16.7,-9.3869,4.558,-0.8052,99.32,0.0504,7473.4702,0.877,4521.0,-0.7639,96.6,-8.3665,3.64,3.7792,4.3,NEUTRAL,DOLLAR_NEUTRAL,HAWKISH,2026-05-23T08:49:05.869301,14.07,-14.0501,20.03,-6.2266,0.3569,-0.2787
2026-05-25,16.59,-6.9024,4.558,-0.8052,99.239,0.2718,7473.4702,0.877,4523.2002,-0.6436,96.6,-11.0988,3.64,3.7792,4.3,NEUTRAL,DOLLAR_NEUTRAL,HAWKISH,2026-05-25T19:10:38.102935,14.07,-14.0501,20.03,-6.2266,0.3593,0.75
2026-05-26,17.01,-5.8139,4.493,-2.812,99.155,0.1869,7519.1201,1.5679,4506.8999,-1.0016,93.56,-13.8966,3.64,3.7792,4.3,NEUTRAL,DOLLAR_NEUTRAL,NEUTRAL_RATES,2026-05-26T21:06:33.563582,14.84,-11.981,19.89,-4.9235,0.2969,-0.1171
2026-05-27,16.29,-6.594,4.481,-3.9854,99.21,-0.0906,7520.3599,2.2676,4488.5,-0.395,89.41,-17.0363,3.64,3.7792,4.3,NEUTRAL,DOLLAR_NEUTRAL,NEUTRAL_RATES,2026-05-27T21:18:30.953320,13.27,-20.2524,19.45,-7.9072,0.3794,-0.0367
2026-05-28,15.74,-6.0859,4.455,-2.5591,98.992,-0.1191,7563.6299,1.7578,4527.2998,-0.0883,88.53,-9.9023,3.64,3.7792,4.3,NEUTRAL,DOLLAR_NEUTRAL,NEUTRAL_RATES,2026-05-28T21:36:30.557347,12.98,-14.2668,19.11,-7.948,0.3895,-0.0541
2026-05-29,15.32,-8.2635,4.453,-2.9001,98.942,-0.25,7580.0601,1.8043,4569.8999,0.663,87.76,-8.9154,3.64,3.7792,4.3,NEUTRAL,DOLLAR_NEUTRAL,NEUTRAL_RATES,2026-05-29T21:22:06.786221,12.59,-10.5824,18.66,-6.7,0.3962,-0.0357
2026-05-30,15.32,-8.2635,4.453,-2.9001,98.91,-0.2823,7580.0601,1.8043,4560.5,0.456,87.36,-9.3306,3.64,3.7792,4.3,NEUTRAL,DOLLAR_NEUTRAL,NEUTRAL_RATES,2026-05-30T09:07:52.500280,12.59,-10.5824,18.66,-6.7,0.3962,0.0
2026-06-01,16.05,-3.255,4.475,-1.821,99.181,-0.14,7599.96,1.6925,4512.2998,-0.1924,92.23,-4.5238,3.63,3.7792,,NEUTRAL,DOLLAR_NEUTRAL,NEUTRAL_RATES,2026-06-01T22:42:10.815112,13.76,-2.2033,19.43,-2.9955,0.3533,0.0
2026-06-02,16.25,-4.468,4.441,-1.1574,99.091,-0.0797,7586.9399,0.902,4542.6001,0.9377,91.8,-2.226,3.63,3.7792,4.3,NEUTRAL,DOLLAR_NEUTRAL,NEUTRAL_RATES,2026-06-02T13:31:16.766761,13.76,-2.2033,19.43,-2.9955,0.3489,-0.1333
2026-06-03,16.07,-1.3505,4.491,0.2232,99.546,0.3387,7575.3799,0.7316,4464.1001,0.3732,96.09,8.3559,3.63,3.7792,,NEUTRAL,DOLLAR_NEUTRAL,HAWKISH,2026-06-03T18:26:17.737685,13.55,2.11,19.72,1.3882,0.3839,0.2575
2026-06-04,15.4,-2.1601,4.477,0.4938,99.415,0.3989,7584.3101,0.2734,4502.3999,0.0689,92.91,4.5107,3.63,3.7792,4.3,NEUTRAL,DOLLAR_NEUTRAL,HAWKISH,2026-06-04T22:00:36.674744,12.65,-2.5424,19.23,0.6279,0.4273,0.2943
2026-06-05,18.08,18.0157,4.542,1.9986,100.09,1.193,7454.1802,-1.6607,4364.7002,-4.2934,90.0,3.022,3.63,3.7792,4.3,NEUTRAL,DOLLAR_STRENGTH,HAWKISH,2026-06-05T18:02:50.754367,17.38,38.0461,20.39,9.2712,0.1665,0.1706
2026-06-06,21.51,40.4047,4.536,1.8639,100.07,1.1728,7383.7402,-2.59,4337.1001,-4.8986,90.54,3.6401,3.63,3.7792,4.3,NEUTRAL,DOLLAR_STRENGTH,HAWKISH,2026-06-06T11:49:12.466081,23.92,89.9921,21.82,16.9346,-0.0976,0.0
2026-06-08,18.76,16.8847,4.554,1.7654,99.968,0.7742,7421.9199,-2.3426,4362.6001,-2.5161,91.37,-0.8572,3.63,3.7792,4.3,NEUTRAL,DOLLAR_STRENGTH,HAWKISH,2026-06-08T17:25:58.043629,19.3,40.2616,20.75,6.7936,0.0773,-0.15
2026-06-09,22.17,40.5834,4.524,1.5488,99.957,0.7428,7285.6001,-4.26,4288.1001,-4.4775,86.41,-7.8392,3.63,3.7792,4.3,RISK_OFF,DOLLAR_STRENGTH,HAWKISH,2026-06-09T16:35:16.723480,25.71,94.9204,22.43,15.0847,-0.1479,0.3243
2026-06-10,21.74,35.3674,4.536,1.002,99.924,0.3959,7302.1299,-3.3302,4141.0,-6.6649,91.25,-4.9677,3.63,4.1666,4.3,RISK_OFF,DOLLAR_NEUTRAL,HAWKISH,2026-06-10T17:23:23.747494,24.83,85.1603,22.64,14.5749,-0.1007,0.4325
2026-06-11,21.55,39.9351,4.528,1.1391,100.105,0.6991,7354.54,-3.0295,4138.8999,-7.5271,87.49,-5.9652,3.63,4.1666,4.3,NEUTRAL,DOLLAR_STRENGTH,HAWKISH,2026-06-11T17:40:49.874018,23.18,83.2411,22.74,18.2527,-0.0204,-0.1852
2026-06-12,19.44,26.2338,4.463,-0.3127,99.779,0.3712,7394.2998,-2.5053,4239.1001,-5.2884,86.25,-7.2979,3.63,4.1666,4.3,NEUTRAL,DOLLAR_NEUTRAL,NEUTRAL_RATES,2026-06-12T00:33:28.427187,20.66,63.3202,21.42,11.3885,0.0391,0.1106
