date,ticker,price
2026-02-17,BIL,90.746147
2026-02-18,BIL,90.756073
2026-02-19,BIL,90.756073
2026-02-20,BIL,90.785812
2026-02-23,BIL,90.785812
2026-02-24,BIL,90.805649
2026-02-25,BIL,90.815559
2026-02-26,BIL,90.82547
2026-02-27,BIL,90.845314
2026-03-02,BIL,90.858238
2026-03-03,BIL,90.868179
2026-03-04,BIL,90.611412
2026-03-05,BIL,90.621315
2026-03-06,BIL,90.641151
2026-03-09,BIL,90.651062
2026-03-10,BIL,90.660973
2026-03-11,BIL,90.660973
2026-03-12,BIL,90.680801
2026-03-13,BIL,90.710541
2026-03-16,BIL,90.710541
2026-03-17,BIL,90.720451
2026-03-18,BIL,90.74028
2026-03-19,BIL,90.74028
2026-03-20,BIL,90.770012
2026-03-23,BIL,90.779922
2026-03-24,BIL,90.789841
2026-03-25,BIL,90.77993
2026-03-26,BIL,90.799751
2026-03-27,BIL,90.829483
2026-03-30,BIL,90.839394
2026-03-31,BIL,90.839394
2026-04-01,BIL,90.863258
2026-04-02,BIL,90.883141
2026-04-06,BIL,90.90303
2026-04-07,BIL,90.912964
2026-04-08,BIL,90.912964
2026-04-09,BIL,90.922905
2026-04-10,BIL,90.952728
2026-04-13,BIL,90.952728
2026-04-14,BIL,90.962677
2026-04-15,BIL,90.972618
2026-04-16,BIL,90.982552
2026-04-17,BIL,91.012383
2026-04-20,BIL,91.022316
2026-04-21,BIL,91.032265
2026-04-22,BIL,91.032265
2026-04-23,BIL,91.052139
2026-04-24,BIL,91.072029
2026-04-27,BIL,91.08197
2026-04-28,BIL,91.091904
2026-04-29,BIL,91.091904
2026-04-30,BIL,91.101845
2026-05-01,BIL,91.131767
2026-05-04,BIL,91.151703
2026-05-05,BIL,91.161674
2026-05-06,BIL,91.151703
2026-05-07,BIL,91.171646
2026-05-08,BIL,91.191589
2026-05-11,BIL,91.211533
2026-05-12,BIL,91.221497
2026-05-13,BIL,91.221497
2026-05-14,BIL,91.24144
2026-05-15,BIL,91.261383
2026-05-18,BIL,91.261383
2026-05-19,BIL,91.281326
2026-05-20,BIL,91.301262
2026-05-21,BIL,91.301262
2026-05-22,BIL,91.321205
2026-05-26,BIL,91.341148
2026-05-27,BIL,91.35112
2026-05-28,BIL,91.361084
2026-05-29,BIL,91.391006
2026-06-01,BIL,91.400002
2026-06-02,BIL,91.389999
2026-06-03,BIL,91.410004
2026-06-04,BIL,91.410004
2026-06-05,BIL,91.449997
2026-06-08,BIL,91.459999
2026-06-09,BIL,91.459999
2026-06-10,BIL,91.470001
2026-06-11,BIL,91.480003
2026-06-12,BIL,91.510002
2026-06-15,BIL,91.510002
2026-06-16,BIL,91.519997
2026-06-17,BIL,91.529999
2026-06-18,BIL,91.57
2026-06-22,BIL,91.57
2026-06-23,BIL,91.580002
2026-06-24,BIL,91.589996
2026-06-25,BIL,91.599998
2026-06-26,BIL,91.629997
2026-06-29,BIL,91.639999
2026-06-30,BIL,91.639999
2026-07-01,BIL,91.400002
2026-02-17,BTC-USD,67494.21875
2026-02-18,BTC-USD,66425.320312
2026-02-19,BTC-USD,66957.523438
2026-02-20,BTC-USD,68005.421875
2026-02-21,BTC-USD,68003.765625
2026-02-22,BTC-USD,67659.390625
2026-02-23,BTC-USD,64616.738281
2026-02-24,BTC-USD,64080.042969
2026-02-25,BTC-USD,67960.125
2026-02-26,BTC-USD,67453.773438
2026-02-27,BTC-USD,65881.796875
2026-02-28,BTC-USD,66995.859375
2026-03-01,BTC-USD,65738.101562
2026-03-02,BTC-USD,68775.851562
2026-03-03,BTC-USD,68293.648438
2026-03-04,BTC-USD,72710.578125
2026-03-05,BTC-USD,70841.125
2026-03-06,BTC-USD,68136.492188
2026-03-07,BTC-USD,67272.59375
2026-03-08,BTC-USD,65969.78125
2026-03-09,BTC-USD,68402.382812
2026-03-10,BTC-USD,69926.921875
2026-03-11,BTC-USD,70204.882812
2026-03-12,BTC-USD,70493.460938
2026-03-13,BTC-USD,70968.265625
2026-03-14,BTC-USD,71214.625
2026-03-15,BTC-USD,72789.914062
2026-03-16,BTC-USD,74861.085938
2026-03-17,BTC-USD,73922.476562
2026-03-18,BTC-USD,71245.578125
2026-03-19,BTC-USD,69912.789062
2026-03-20,BTC-USD,70522.585938
2026-03-21,BTC-USD,68711.523438
2026-03-22,BTC-USD,67845.210938
2026-03-23,BTC-USD,70914.859375
2026-03-24,BTC-USD,70517.859375
2026-03-25,BTC-USD,71309.882812
2026-03-26,BTC-USD,68791.625
2026-03-27,BTC-USD,66338.375
2026-03-28,BTC-USD,66319.695312
2026-03-29,BTC-USD,65954.921875
2026-03-30,BTC-USD,66691.445312
2026-03-31,BTC-USD,68233.3125
2026-04-01,BTC-USD,68078.554688
2026-04-02,BTC-USD,66888.570312
2026-04-03,BTC-USD,66931.101562
2026-04-04,BTC-USD,67290.515625
2026-04-05,BTC-USD,68981.898438
2026-04-06,BTC-USD,68859.828125
2026-04-07,BTC-USD,71940.703125
2026-04-08,BTC-USD,71123.359375
2026-04-09,BTC-USD,71767.828125
2026-04-10,BTC-USD,72979.046875
2026-04-11,BTC-USD,73054.273438
2026-04-12,BTC-USD,70753.40625
2026-04-13,BTC-USD,74484.640625
2026-04-14,BTC-USD,74181.609375
2026-04-15,BTC-USD,74805.078125
2026-04-16,BTC-USD,75152.132812
2026-04-17,BTC-USD,77126.875
2026-04-18,BTC-USD,75726.210938
2026-04-19,BTC-USD,73856.351562
2026-04-20,BTC-USD,75872.523438
2026-04-21,BTC-USD,76352.773438
2026-04-22,BTC-USD,78203.101562
2026-04-23,BTC-USD,78268.953125
2026-04-24,BTC-USD,77455.3125
2026-04-25,BTC-USD,77612.015625
2026-04-26,BTC-USD,78657.539062
2026-04-27,BTC-USD,77366.625
2026-04-28,BTC-USD,76350.671875
2026-04-29,BTC-USD,75776.132812
2026-04-30,BTC-USD,76304.320312
2026-05-01,BTC-USD,78179.0
2026-05-02,BTC-USD,78657.25
2026-05-03,BTC-USD,78538.226562
2026-05-04,BTC-USD,79827.90625
2026-05-05,BTC-USD,80927.054688
2026-05-06,BTC-USD,81427.53125
2026-05-07,BTC-USD,80009.992188
2026-05-08,BTC-USD,80186.765625
2026-05-09,BTC-USD,80664.367188
2026-05-10,BTC-USD,82138.929688
2026-05-11,BTC-USD,81728.296875
2026-05-12,BTC-USD,80477.492188
2026-05-13,BTC-USD,79277.117188
2026-05-14,BTC-USD,81051.25
2026-05-15,BTC-USD,79065.679688
2026-05-16,BTC-USD,78131.4375
2026-05-17,BTC-USD,77429.351562
2026-05-18,BTC-USD,76954.171875
2026-05-19,BTC-USD,76750.90625
2026-05-20,BTC-USD,77457.773438
2026-05-21,BTC-USD,77539.171875
2026-05-22,BTC-USD,75488.242188
2026-05-23,BTC-USD,76673.367188
2026-05-24,BTC-USD,76981.125
2026-05-25,BTC-USD,77279.929688
2026-05-26,BTC-USD,75825.734375
2026-05-27,BTC-USD,74344.703125
2026-05-28,BTC-USD,73536.554688
2026-05-29,BTC-USD,73372.523438
2026-05-30,BTC-USD,73754.835938
2026-05-31,BTC-USD,73579.6875
2026-06-01,BTC-USD,71319.773438
2026-06-02,BTC-USD,66703.65625
2026-06-03,BTC-USD,64014.367188
2026-06-04,BTC-USD,63801.574219
2026-06-05,BTC-USD,60922.667969
2026-06-06,BTC-USD,60867.414062
2026-06-07,BTC-USD,63239.519531
2026-06-08,BTC-USD,63090.589844
2026-06-09,BTC-USD,61643.78125
2026-06-10,BTC-USD,61449.289062
2026-06-11,BTC-USD,63561.054688
2026-06-12,BTC-USD,63543.199219
2026-06-13,BTC-USD,64421.324219
2026-06-14,BTC-USD,65710.398438
2026-06-15,BTC-USD,66289.5
2026-06-16,BTC-USD,65600.640625
2026-06-17,BTC-USD,64418.445312
2026-06-18,BTC-USD,62896.472656
2026-06-19,BTC-USD,63540.835938
2026-06-20,BTC-USD,64239.675781
2026-06-21,BTC-USD,63237.539062
2026-06-22,BTC-USD,63952.105469
2026-06-23,BTC-USD,62668.019531
2026-06-24,BTC-USD,60995.132812
2026-06-25,BTC-USD,59721.675781
2026-06-26,BTC-USD,60016.429688
2026-06-27,BTC-USD,59940.097656
2026-06-28,BTC-USD,59532.339844
2026-06-29,BTC-USD,60138.378906
2026-06-30,BTC-USD,58558.859375
2026-07-01,BTC-USD,60224.78125
2026-02-17,CL=F,62.330002
2026-02-18,CL=F,65.190002
2026-02-19,CL=F,66.43
2026-02-20,CL=F,66.389999
2026-02-23,CL=F,66.309998
2026-02-24,CL=F,65.629997
2026-02-25,CL=F,65.419998
2026-02-26,CL=F,65.209999
2026-02-27,CL=F,67.019997
2026-03-02,CL=F,71.230003
2026-03-03,CL=F,74.559998
2026-03-04,CL=F,74.660004
2026-03-05,CL=F,81.010002
2026-03-06,CL=F,90.900002
2026-03-09,CL=F,94.769997
2026-03-10,CL=F,83.449997
2026-03-11,CL=F,87.25
2026-03-12,CL=F,95.730003
2026-03-13,CL=F,98.709999
2026-03-16,CL=F,93.5
2026-03-17,CL=F,96.209999
2026-03-18,CL=F,96.32
2026-03-19,CL=F,96.139999
2026-03-20,CL=F,98.32
2026-03-23,CL=F,88.129997
2026-03-24,CL=F,92.349998
2026-03-25,CL=F,90.32
2026-03-26,CL=F,94.480003
2026-03-27,CL=F,99.639999
2026-03-30,CL=F,102.879997
2026-03-31,CL=F,101.379997
2026-04-01,CL=F,100.120003
2026-04-02,CL=F,111.540001
2026-04-06,CL=F,112.410004
2026-04-07,CL=F,112.949997
2026-04-08,CL=F,94.410004
2026-04-09,CL=F,97.870003
2026-04-10,CL=F,96.57
2026-04-13,CL=F,99.080002
2026-04-14,CL=F,91.279999
2026-04-15,CL=F,91.290001
2026-04-16,CL=F,94.690002
2026-04-17,CL=F,83.849998
2026-04-20,CL=F,89.610001
2026-04-21,CL=F,92.129997
2026-04-22,CL=F,92.959999
2026-04-23,CL=F,95.849998
2026-04-24,CL=F,94.400002
2026-04-27,CL=F,96.370003
2026-04-28,CL=F,99.93
2026-04-29,CL=F,106.879997
2026-04-30,CL=F,105.07
2026-05-01,CL=F,101.940002
2026-05-04,CL=F,106.419998
2026-05-05,CL=F,102.269997
2026-05-06,CL=F,95.080002
2026-05-07,CL=F,94.809998
2026-05-08,CL=F,95.419998
2026-05-11,CL=F,98.07
2026-05-12,CL=F,102.18
2026-05-13,CL=F,101.019997
2026-05-14,CL=F,101.169998
2026-05-15,CL=F,105.419998
2026-05-18,CL=F,108.660004
2026-05-19,CL=F,107.769997
2026-05-20,CL=F,98.260002
2026-05-21,CL=F,96.349998
2026-05-22,CL=F,96.599998
2026-05-26,CL=F,93.889999
2026-05-27,CL=F,88.68
2026-05-28,CL=F,88.900002
2026-05-29,CL=F,87.360001
2026-06-01,CL=F,92.160004
2026-06-02,CL=F,93.760002
2026-06-03,CL=F,96.019997
2026-06-04,CL=F,93.040001
2026-06-05,CL=F,90.540001
2026-06-08,CL=F,91.300003
2026-06-09,CL=F,88.199997
2026-06-10,CL=F,90.029999
2026-06-11,CL=F,87.709999
2026-06-12,CL=F,84.879997
2026-06-15,CL=F,80.75
2026-06-16,CL=F,76.050003
2026-06-17,CL=F,76.790001
2026-06-18,CL=F,76.599998
2026-06-22,CL=F,74.82
2026-06-23,CL=F,73.209999
2026-06-24,CL=F,70.339996
2026-06-25,CL=F,71.919998
2026-06-26,CL=F,69.230003
2026-06-29,CL=F,70.75
2026-06-30,CL=F,69.5
2026-07-01,CL=F,67.989998
2026-02-17,DX-Y.NYB,97.160004
2026-02-18,DX-Y.NYB,97.699997
2026-02-19,DX-Y.NYB,97.93
2026-02-20,DX-Y.NYB,97.800003
2026-02-23,DX-Y.NYB,97.699997
2026-02-24,DX-Y.NYB,97.879997
2026-02-25,DX-Y.NYB,97.699997
2026-02-26,DX-Y.NYB,97.790001
2026-02-27,DX-Y.NYB,97.610001
2026-03-02,DX-Y.NYB,98.379997
2026-03-03,DX-Y.NYB,99.050003
2026-03-04,DX-Y.NYB,98.769997
2026-03-05,DX-Y.NYB,99.32
2026-03-06,DX-Y.NYB,98.989998
2026-03-09,DX-Y.NYB,99.18
2026-03-10,DX-Y.NYB,98.830002
2026-03-11,DX-Y.NYB,99.230003
2026-03-12,DX-Y.NYB,99.739998
2026-03-13,DX-Y.NYB,100.360001
2026-03-16,DX-Y.NYB,99.709999
2026-03-17,DX-Y.NYB,99.580002
2026-03-18,DX-Y.NYB,100.089996
2026-03-19,DX-Y.NYB,99.230003
2026-03-20,DX-Y.NYB,99.650002
2026-03-23,DX-Y.NYB,98.949997
2026-03-24,DX-Y.NYB,99.43
2026-03-25,DX-Y.NYB,99.599998
2026-03-26,DX-Y.NYB,99.900002
2026-03-27,DX-Y.NYB,100.150002
2026-03-30,DX-Y.NYB,100.510002
2026-03-31,DX-Y.NYB,99.959999
2026-04-01,DX-Y.NYB,99.650002
2026-04-02,DX-Y.NYB,100.029999
2026-04-06,DX-Y.NYB,99.980003
2026-04-07,DX-Y.NYB,99.639999
2026-04-08,DX-Y.NYB,99.129997
2026-04-09,DX-Y.NYB,98.82
2026-04-10,DX-Y.NYB,98.650002
2026-04-13,DX-Y.NYB,98.370003
2026-04-14,DX-Y.NYB,98.120003
2026-04-15,DX-Y.NYB,98.059998
2026-04-16,DX-Y.NYB,98.220001
2026-04-17,DX-Y.NYB,98.099998
2026-04-20,DX-Y.NYB,98.050003
2026-04-21,DX-Y.NYB,98.410004
2026-04-22,DX-Y.NYB,98.589996
2026-04-23,DX-Y.NYB,98.800003
2026-04-24,DX-Y.NYB,98.510002
2026-04-27,DX-Y.NYB,98.480003
2026-04-28,DX-Y.NYB,98.620003
2026-04-29,DX-Y.NYB,98.919998
2026-04-30,DX-Y.NYB,98.080002
2026-05-01,DX-Y.NYB,98.209999
2026-05-04,DX-Y.NYB,98.470001
2026-05-05,DX-Y.NYB,98.480003
2026-05-06,DX-Y.NYB,98.019997
2026-05-07,DX-Y.NYB,98.25
2026-05-08,DX-Y.NYB,97.839996
2026-05-11,DX-Y.NYB,97.940002
2026-05-12,DX-Y.NYB,98.290001
2026-05-13,DX-Y.NYB,98.480003
2026-05-14,DX-Y.NYB,98.879997
2026-05-15,DX-Y.NYB,99.269997
2026-05-18,DX-Y.NYB,98.970001
2026-05-19,DX-Y.NYB,99.300003
2026-05-20,DX-Y.NYB,99.110001
2026-05-21,DX-Y.NYB,99.190002
2026-05-22,DX-Y.NYB,99.32
2026-05-26,DX-Y.NYB,99.169998
2026-05-27,DX-Y.NYB,99.209999
2026-05-28,DX-Y.NYB,99.019997
2026-05-29,DX-Y.NYB,98.910004
2026-06-01,DX-Y.NYB,99.199997
2026-06-02,DX-Y.NYB,99.220001
2026-06-03,DX-Y.NYB,99.529999
2026-06-04,DX-Y.NYB,99.410004
2026-06-05,DX-Y.NYB,100.07
2026-06-08,DX-Y.NYB,100.050003
2026-06-09,DX-Y.NYB,99.910004
2026-06-10,DX-Y.NYB,99.949997
2026-06-11,DX-Y.NYB,99.860001
2026-06-12,DX-Y.NYB,99.75
2026-06-15,DX-Y.NYB,99.629997
2026-06-16,DX-Y.NYB,99.540001
2026-06-17,DX-Y.NYB,100.089996
2026-06-18,DX-Y.NYB,100.849998
2026-06-22,DX-Y.NYB,101.019997
2026-06-23,DX-Y.NYB,101.410004
2026-06-24,DX-Y.NYB,101.610001
2026-06-25,DX-Y.NYB,101.43
2026-06-26,DX-Y.NYB,101.360001
2026-06-29,DX-Y.NYB,101.110001
2026-06-30,DX-Y.NYB,101.190002
2026-07-01,DX-Y.NYB,101.413002
2026-02-17,EEM,60.869999
2026-02-18,EEM,61.189999
2026-02-19,EEM,61.040001
2026-02-20,EEM,62.34
2026-02-23,EEM,61.650002
2026-02-24,EEM,62.619999
2026-02-25,EEM,63.310001
2026-02-26,EEM,62.709999
2026-02-27,EEM,62.580002
2026-03-02,EEM,61.5
2026-03-03,EEM,58.419998
2026-03-04,EEM,59.049999
2026-03-05,EEM,57.630001
2026-03-06,EEM,57.32
2026-03-09,EEM,58.450001
2026-03-10,EEM,58.68
2026-03-11,EEM,58.830002
2026-03-12,EEM,56.950001
2026-03-13,EEM,56.799999
2026-03-16,EEM,58.380001
2026-03-17,EEM,58.75
2026-03-18,EEM,57.262367
2026-03-19,EEM,57.322052
2026-03-20,EEM,55.352291
2026-03-23,EEM,57.013657
2026-03-24,EEM,56.227741
2026-03-25,EEM,57.123085
2026-03-26,EEM,55.183174
2026-03-27,EEM,54.91457
2026-03-30,EEM,54.466896
2026-03-31,EEM,56.496346
2026-04-01,EEM,56.934071
2026-04-02,EEM,56.297379
2026-04-06,EEM,56.814693
2026-04-07,EEM,57.013657
2026-04-08,EEM,60.127472
2026-04-09,EEM,59.9683
2026-04-10,EEM,60.246853
2026-04-13,EEM,60.754215
2026-04-14,EEM,61.918167
2026-04-15,EEM,61.878372
2026-04-16,EEM,62.127079
2026-04-17,EEM,63.310925
2026-04-20,EEM,62.853306
2026-04-21,EEM,61.928112
2026-04-22,EEM,63.052269
2026-04-23,EEM,62.027596
2026-04-24,EEM,63.410408
2026-04-27,EEM,63.310925
2026-04-28,EEM,62.664288
2026-04-29,EEM,62.365837
2026-04-30,EEM,63.659119
2026-05-01,EEM,63.798389
2026-05-04,EEM,63.768543
2026-05-05,EEM,65.061829
2026-05-06,EEM,67.141014
2026-05-07,EEM,66.245667
2026-05-08,EEM,67.588692
2026-05-11,EEM,67.538948
2026-05-12,EEM,65.479652
2026-05-13,EEM,66.862465
2026-05-14,EEM,67.031586
2026-05-15,EEM,64.733528
2026-05-18,EEM,64.634048
2026-05-19,EEM,63.927723
2026-05-20,EEM,65.121513
2026-05-21,EEM,65.688568
2026-05-22,EEM,65.539337
2026-05-26,EEM,68.04631
2026-05-27,EEM,68.036362
2026-05-28,EEM,68.255226
2026-05-29,EEM,68.245277
2026-06-01,EEM,69.717628
2026-06-02,EEM,70.433907
2026-06-03,EEM,69.558449
2026-06-04,EEM,68.742691
2026-06-05,EEM,64.256012
2026-06-08,EEM,65.410011
2026-06-09,EEM,65.479652
2026-06-10,EEM,64.325653
2026-06-11,EEM,67.150963
2026-06-12,EEM,67.528999
2026-06-15,EEM,69.75
2026-06-16,EEM,68.639999
2026-06-17,EEM,68.559998
2026-06-18,EEM,70.790001
2026-06-22,EEM,71.209999
2026-06-23,EEM,67.169998
2026-06-24,EEM,67.25
2026-06-25,EEM,67.959999
2026-06-26,EEM,67.190002
2026-06-29,EEM,67.43
2026-06-30,EEM,68.410004
2026-07-01,EEM,66.480003
2026-02-17,EFA,104.220001
2026-02-18,EFA,104.339996
2026-02-19,EFA,104.050003
2026-02-20,EFA,104.900002
2026-02-23,EFA,104.470001
2026-02-24,EFA,104.660004
2026-02-25,EFA,105.660004
2026-02-26,EFA,105.57
2026-02-27,EFA,105.379997
2026-03-02,EFA,103.300003
2026-03-03,EFA,100.089996
2026-03-04,EFA,101.379997
2026-03-05,EFA,99.160004
2026-03-06,EFA,98.279999
2026-03-09,EFA,98.989998
2026-03-10,EFA,99.220001
2026-03-11,EFA,99.010002
2026-03-12,EFA,97.459999
2026-03-13,EFA,96.300003
2026-03-16,EFA,98.099998
2026-03-17,EFA,98.370003
2026-03-18,EFA,95.183769
2026-03-19,EFA,95.016411
2026-03-20,EFA,92.132057
2026-03-23,EFA,94.347
2026-03-24,EFA,93.785881
2026-03-25,EFA,95.154236
2026-03-26,EFA,93.185394
2026-03-27,EFA,92.338791
2026-03-30,EFA,92.604576
2026-03-31,EFA,95.616905
2026-04-01,EFA,97.07386
2026-04-02,EFA,96.473358
2026-04-06,EFA,96.955727
2026-04-07,EFA,96.817902
2026-04-08,EFA,100.598091
2026-04-09,EFA,100.361824
2026-04-10,EFA,100.588242
2026-04-13,EFA,101.208427
2026-04-14,EFA,102.025497
2026-04-15,EFA,101.700638
2026-04-16,EFA,101.405312
2026-04-17,EFA,102.694908
2026-04-20,EFA,102.291298
2026-04-21,EFA,100.046806
2026-04-22,EFA,100.381516
2026-04-23,EFA,99.662888
2026-04-24,EFA,100.184624
2026-04-27,EFA,99.800705
2026-04-28,EFA,99.387245
2026-04-29,EFA,98.373291
2026-04-30,EFA,100.726059
2026-05-01,EFA,100.509491
2026-05-04,EFA,99.131294
2026-05-05,EFA,100.450424
2026-05-06,EFA,103.177269
2026-05-07,EFA,101.287186
2026-05-08,EFA,102.340515
2026-05-11,EFA,102.12394
2026-05-12,EFA,101.533287
2026-05-13,EFA,102.21254
2026-05-14,EFA,101.848305
2026-05-15,EFA,100.135406
2026-05-18,EFA,101.060768
2026-05-19,EFA,100.332291
2026-05-20,EFA,102.005814
2026-05-21,EFA,102.566933
2026-05-22,EFA,102.360207
2026-05-26,EFA,103.492287
2026-05-27,EFA,103.137894
2026-05-28,EFA,103.059143
2026-05-29,EFA,103.167435
2026-06-01,EFA,102.813042
2026-06-02,EFA,103.383995
2026-06-03,EFA,102.498024
2026-06-04,EFA,103.315086
2026-06-05,EFA,100.667
2026-06-08,EFA,101.277336
2026-06-09,EFA,101.297028
2026-06-10,EFA,99.987747
2026-06-11,EFA,103.098526
2026-06-12,EFA,103.383995
2026-06-15,EFA,104.080002
2026-06-16,EFA,104.309998
2026-06-17,EFA,103.779999
2026-06-18,EFA,104.410004
2026-06-22,EFA,104.580002
2026-06-23,EFA,102.459999
2026-06-24,EFA,102.260002
2026-06-25,EFA,103.150002
2026-06-26,EFA,102.540001
2026-06-29,EFA,103.449997
2026-06-30,EFA,103.879997
2026-07-01,EFA,103.019997
2026-02-17,ETH-USD,1992.194336
2026-02-18,ETH-USD,1953.974121
2026-02-19,ETH-USD,1948.20105
2026-02-20,ETH-USD,1969.022339
2026-02-21,ETH-USD,1973.737183
2026-02-22,ETH-USD,1957.805908
2026-02-23,ETH-USD,1855.502808
2026-02-24,ETH-USD,1852.969482
2026-02-25,ETH-USD,2054.62793
2026-02-26,ETH-USD,2026.792603
2026-02-27,ETH-USD,1930.761841
2026-02-28,ETH-USD,1965.050537
2026-03-01,ETH-USD,1939.06665
2026-03-02,ETH-USD,2027.268921
2026-03-03,ETH-USD,1982.768921
2026-03-04,ETH-USD,2126.505371
2026-03-05,ETH-USD,2071.605469
2026-03-06,ETH-USD,1978.751221
2026-03-07,ETH-USD,1969.455444
2026-03-08,ETH-USD,1936.604736
2026-03-09,ETH-USD,1992.938232
2026-03-10,ETH-USD,2037.120483
2026-03-11,ETH-USD,2051.573242
2026-03-12,ETH-USD,2073.13623
2026-03-13,ETH-USD,2092.563477
2026-03-14,ETH-USD,2097.08667
2026-03-15,ETH-USD,2177.476318
2026-03-16,ETH-USD,2351.176025
2026-03-17,ETH-USD,2318.053467
2026-03-18,ETH-USD,2203.671631
2026-03-19,ETH-USD,2137.423828
2026-03-20,ETH-USD,2146.49707
2026-03-21,ETH-USD,2076.689941
2026-03-22,ETH-USD,2053.04834
2026-03-23,ETH-USD,2152.145996
2026-03-24,ETH-USD,2155.704346
2026-03-25,ETH-USD,2168.021484
2026-03-26,ETH-USD,2059.578369
2026-03-27,ETH-USD,1991.271973
2026-03-28,ETH-USD,1992.69458
2026-03-29,ETH-USD,1982.559692
2026-03-30,ETH-USD,2023.514893
2026-03-31,ETH-USD,2104.708252
2026-04-01,ETH-USD,2138.737061
2026-04-02,ETH-USD,2056.852539
2026-04-03,ETH-USD,2053.385254
2026-04-04,ETH-USD,2065.351562
2026-04-05,ETH-USD,2108.995605
2026-04-06,ETH-USD,2107.761475
2026-04-07,ETH-USD,2241.806641
2026-04-08,ETH-USD,2190.335449
2026-04-09,ETH-USD,2189.144043
2026-04-10,ETH-USD,2245.148682
2026-04-11,ETH-USD,2285.390137
2026-04-12,ETH-USD,2192.201172
2026-04-13,ETH-USD,2370.714844
2026-04-14,ETH-USD,2323.308594
2026-04-15,ETH-USD,2359.437012
2026-04-16,ETH-USD,2348.64502
2026-04-17,ETH-USD,2421.071777
2026-04-18,ETH-USD,2351.100586
2026-04-19,ETH-USD,2264.916992
2026-04-20,ETH-USD,2315.212402
2026-04-21,ETH-USD,2327.970459
2026-04-22,ETH-USD,2376.088135
2026-04-23,ETH-USD,2331.513916
2026-04-24,ETH-USD,2315.690186
2026-04-25,ETH-USD,2318.829102
2026-04-26,ETH-USD,2369.729004
2026-04-27,ETH-USD,2303.063965
2026-04-28,ETH-USD,2289.419678
2026-04-29,ETH-USD,2253.415771
2026-04-30,ETH-USD,2256.251221
2026-05-01,ETH-USD,2295.09375
2026-05-02,ETH-USD,2316.231934
2026-05-03,ETH-USD,2321.635742
2026-05-04,ETH-USD,2346.396973
2026-05-05,ETH-USD,2361.182617
2026-05-06,ETH-USD,2350.802002
2026-05-07,ETH-USD,2291.107666
2026-05-08,ETH-USD,2306.972168
2026-05-09,ETH-USD,2326.727295
2026-05-10,ETH-USD,2369.043945
2026-05-11,ETH-USD,2339.36084
2026-05-12,ETH-USD,2274.643555
2026-05-13,ETH-USD,2257.576416
2026-05-14,ETH-USD,2280.934814
2026-05-15,ETH-USD,2223.328857
2026-05-16,ETH-USD,2179.751953
2026-05-17,ETH-USD,2127.645264
2026-05-18,ETH-USD,2128.516113
2026-05-19,ETH-USD,2109.963867
2026-05-20,ETH-USD,2126.983398
2026-05-21,ETH-USD,2131.410645
2026-05-22,ETH-USD,2064.636963
2026-05-23,ETH-USD,2115.951416
2026-05-24,ETH-USD,2097.993896
2026-05-25,ETH-USD,2111.370361
2026-05-26,ETH-USD,2070.858154
2026-05-27,ETH-USD,2022.198242
2026-05-28,ETH-USD,2007.552734
2026-05-29,ETH-USD,2011.978516
2026-05-30,ETH-USD,2019.458252
2026-05-31,ETH-USD,2004.341553
2026-06-01,ETH-USD,2003.221191
2026-06-02,ETH-USD,1857.716309
2026-06-03,ETH-USD,1811.7323
2026-06-04,ETH-USD,1769.580566
2026-06-05,ETH-USD,1580.86084
2026-06-06,ETH-USD,1568.7677
2026-06-07,ETH-USD,1686.39624
2026-06-08,ETH-USD,1690.14856
2026-06-09,ETH-USD,1637.706665
2026-06-10,ETH-USD,1620.137695
2026-06-11,ETH-USD,1672.28064
2026-06-12,ETH-USD,1665.127808
2026-06-13,ETH-USD,1680.2146
2026-06-14,ETH-USD,1724.613281
2026-06-15,ETH-USD,1794.961182
2026-06-16,ETH-USD,1790.398193
2026-06-17,ETH-USD,1747.885498
2026-06-18,ETH-USD,1709.533447
2026-06-19,ETH-USD,1710.982422
2026-06-20,ETH-USD,1739.301392
2026-06-21,ETH-USD,1704.580566
2026-06-22,ETH-USD,1726.510864
2026-06-23,ETH-USD,1665.436768
2026-06-24,ETH-USD,1619.924927
2026-06-25,ETH-USD,1564.81665
2026-06-26,ETH-USD,1576.616089
2026-06-27,ETH-USD,1571.588257
2026-06-28,ETH-USD,1570.361206
2026-06-29,ETH-USD,1610.205811
2026-06-30,ETH-USD,1569.583862
2026-07-01,ETH-USD,1615.469971
2026-02-17,FXI,38.52
2026-02-18,FXI,38.720001
2026-02-19,FXI,38.610001
2026-02-20,FXI,38.810001
2026-02-23,FXI,38.68
2026-02-24,FXI,38.369999
2026-02-25,FXI,38.419998
2026-02-26,FXI,37.389999
2026-02-27,FXI,37.279999
2026-03-02,FXI,36.900002
2026-03-03,FXI,36.060001
2026-03-04,FXI,36.209999
2026-03-05,FXI,35.580002
2026-03-06,FXI,35.82
2026-03-09,FXI,36.48
2026-03-10,FXI,36.59
2026-03-11,FXI,36.400002
2026-03-12,FXI,36.16
2026-03-13,FXI,36.240002
2026-03-16,FXI,36.880001
2026-03-17,FXI,36.889999
2026-03-18,FXI,35.930218
2026-03-19,FXI,35.920292
2026-03-20,FXI,34.897968
2026-03-23,FXI,35.116329
2026-03-24,FXI,35.076626
2026-03-25,FXI,35.731709
2026-03-26,FXI,34.669682
2026-03-27,FXI,34.590279
2026-03-30,FXI,34.739162
2026-03-31,FXI,35.632454
2026-04-01,FXI,35.294991
2026-04-02,FXI,35.294991
2026-04-06,FXI,35.285061
2026-04-07,FXI,35.215584
2026-04-08,FXI,36.079098
2026-04-09,FXI,36.019547
2026-04-10,FXI,35.979847
2026-04-13,FXI,36.188278
2026-04-14,FXI,36.615074
2026-04-15,FXI,36.605152
2026-04-16,FXI,36.952541
2026-04-17,FXI,37.319782
2026-04-20,FXI,37.379337
2026-04-21,FXI,36.833435
2026-04-22,FXI,36.694481
2026-04-23,FXI,36.21806
2026-04-24,FXI,36.5853
2026-04-27,FXI,36.178356
2026-04-28,FXI,35.979847
2026-04-29,FXI,36.069176
2026-04-30,FXI,36.515823
2026-05-01,FXI,36.535671
2026-05-04,FXI,36.277607
2026-05-05,FXI,36.21806
2026-05-06,FXI,37.210606
2026-05-07,FXI,36.912838
2026-05-08,FXI,36.962467
2026-05-11,FXI,37.190754
2026-05-12,FXI,37.0518
2026-05-13,FXI,37.974865
2026-05-14,FXI,36.962467
2026-05-15,FXI,35.930218
2026-05-18,FXI,35.890514
2026-05-19,FXI,36.009621
2026-05-20,FXI,35.969921
2026-05-21,FXI,35.622528
2026-05-22,FXI,35.255287
2026-05-26,FXI,35.48357
2026-05-27,FXI,35.056774
2026-05-28,FXI,34.729237
2026-05-29,FXI,34.788788
2026-06-01,FXI,35.076626
2026-06-02,FXI,36.089027
2026-06-03,FXI,35.275139
2026-06-04,FXI,35.205658
2026-06-05,FXI,34.491024
2026-06-08,FXI,34.421547
2026-06-09,FXI,34.431469
2026-06-10,FXI,34.491024
2026-06-11,FXI,34.64983
2026-06-12,FXI,35.027
2026-06-15,FXI,35.110001
2026-06-16,FXI,34.560001
2026-06-17,FXI,33.650002
2026-06-18,FXI,33.299999
2026-06-22,FXI,33.43
2026-06-23,FXI,32.830002
2026-06-24,FXI,32.360001
2026-06-25,FXI,31.68
2026-06-26,FXI,31.59
2026-06-29,FXI,31.709999
2026-06-30,FXI,31.59
2026-07-01,FXI,31.969999
2026-02-17,GC=F,4882.899902
2026-02-18,GC=F,4986.5
2026-02-19,GC=F,4975.899902
2026-02-20,GC=F,5059.299805
2026-02-23,GC=F,5204.700195
2026-02-24,GC=F,5155.799805
2026-02-25,GC=F,5206.399902
2026-02-26,GC=F,5176.5
2026-02-27,GC=F,5230.5
2026-03-02,GC=F,5294.399902
2026-03-03,GC=F,5107.399902
2026-03-04,GC=F,5120.200195
2026-03-05,GC=F,5065.299805
2026-03-06,GC=F,5146.100098
2026-03-09,GC=F,5091.5
2026-03-10,GC=F,5229.700195
2026-03-11,GC=F,5167.399902
2026-03-12,GC=F,5115.799805
2026-03-13,GC=F,5052.5
2026-03-16,GC=F,4994.0
2026-03-17,GC=F,5001.0
2026-03-18,GC=F,4889.899902
2026-03-19,GC=F,4600.700195
2026-03-20,GC=F,4570.399902
2026-03-23,GC=F,4404.100098
2026-03-24,GC=F,4399.299805
2026-03-25,GC=F,4549.799805
2026-03-26,GC=F,4375.5
2026-03-27,GC=F,4492.0
2026-03-30,GC=F,4526.0
2026-03-31,GC=F,4647.600098
2026-04-01,GC=F,4783.200195
2026-04-02,GC=F,4651.5
2026-04-06,GC=F,4656.799805
2026-04-07,GC=F,4657.100098
2026-04-08,GC=F,4749.5
2026-04-09,GC=F,4792.200195
2026-04-10,GC=F,4761.899902
2026-04-13,GC=F,4742.399902
2026-04-14,GC=F,4825.0
2026-04-15,GC=F,4800.0
2026-04-16,GC=F,4785.399902
2026-04-17,GC=F,4857.600098
2026-04-20,GC=F,4806.600098
2026-04-21,GC=F,4698.399902
2026-04-22,GC=F,4732.5
2026-04-23,GC=F,4705.100098
2026-04-24,GC=F,4722.299805
2026-04-27,GC=F,4675.399902
2026-04-28,GC=F,4591.5
2026-04-29,GC=F,4545.200195
2026-04-30,GC=F,4614.700195
2026-05-01,GC=F,4629.899902
2026-05-04,GC=F,4519.5
2026-05-05,GC=F,4555.799805
2026-05-06,GC=F,4681.899902
2026-05-07,GC=F,4699.799805
2026-05-08,GC=F,4720.399902
2026-05-11,GC=F,4718.700195
2026-05-12,GC=F,4677.600098
2026-05-13,GC=F,4697.700195
2026-05-14,GC=F,4678.100098
2026-05-15,GC=F,4555.799805
2026-05-18,GC=F,4552.5
2026-05-19,GC=F,4506.299805
2026-05-20,GC=F,4531.299805
2026-05-21,GC=F,4539.799805
2026-05-22,GC=F,4521.0
2026-05-26,GC=F,4500.399902
2026-05-27,GC=F,4447.5
2026-05-28,GC=F,4499.299805
2026-05-29,GC=F,4560.5
2026-06-01,GC=F,4475.200195
2026-06-02,GC=F,4489.100098
2026-06-03,GC=F,4436.700195
2026-06-04,GC=F,4475.799805
2026-06-05,GC=F,4337.100098
2026-06-08,GC=F,4335.899902
2026-06-09,GC=F,4260.0
2026-06-10,GC=F,4108.200195
2026-06-11,GC=F,4090.300049
2026-06-12,GC=F,4215.0
2026-06-15,GC=F,4328.0
2026-06-16,GC=F,4330.899902
2026-06-17,GC=F,4358.899902
2026-06-18,GC=F,4224.100098
2026-06-22,GC=F,4181.899902
2026-06-23,GC=F,4129.899902
2026-06-24,GC=F,3990.300049
2026-06-25,GC=F,4030.5
2026-06-26,GC=F,4078.699951
2026-06-29,GC=F,4022.300049
2026-06-30,GC=F,4022.899902
2026-07-01,GC=F,4052.800049
2026-02-17,GLD,448.200012
2026-02-18,GLD,458.279999
2026-02-19,GLD,459.559998
2026-02-20,GLD,468.619995
2026-02-23,GLD,481.279999
2026-02-24,GLD,474.609985
2026-02-25,GLD,473.420013
2026-02-26,GLD,477.480011
2026-02-27,GLD,483.75
2026-03-02,GLD,490.0
2026-03-03,GLD,468.140015
2026-03-04,GLD,471.799988
2026-03-05,GLD,466.130005
2026-03-06,GLD,473.51001
2026-03-09,GLD,472.529999
2026-03-10,GLD,477.859985
2026-03-11,GLD,476.23999
2026-03-12,GLD,466.880005
2026-03-13,GLD,460.839996
2026-03-16,GLD,460.429993
2026-03-17,GLD,459.269989
2026-03-18,GLD,444.73999
2026-03-19,GLD,426.410004
2026-03-20,GLD,413.380005
2026-03-23,GLD,404.040009
2026-03-24,GLD,404.130005
2026-03-25,GLD,416.290009
2026-03-26,GLD,400.640015
2026-03-27,GLD,414.700012
2026-03-30,GLD,414.579987
2026-03-31,GLD,430.290009
2026-04-01,GLD,437.820007
2026-04-02,GLD,429.410004
2026-04-06,GLD,427.649994
2026-04-07,GLD,431.809998
2026-04-08,GLD,434.529999
2026-04-09,GLD,437.910004
2026-04-10,GLD,437.130005
2026-04-13,GLD,435.359985
2026-04-14,GLD,445.089996
2026-04-15,GLD,440.459991
2026-04-16,GLD,440.079987
2026-04-17,GLD,445.929993
2026-04-20,GLD,442.089996
2026-04-21,GLD,429.570007
2026-04-22,GLD,435.26001
2026-04-23,GLD,431.040009
2026-04-24,GLD,433.25
2026-04-27,GLD,429.890015
2026-04-28,GLD,421.910004
2026-04-29,GLD,417.410004
2026-04-30,GLD,423.660004
2026-05-01,GLD,423.179993
2026-05-04,GLD,414.709991
2026-05-05,GLD,418.269989
2026-05-06,GLD,430.959991
2026-05-07,GLD,431.679993
2026-05-08,GLD,433.769989
2026-05-11,GLD,434.649994
2026-05-12,GLD,432.929993
2026-05-13,GLD,430.5
2026-05-14,GLD,427.209991
2026-05-15,GLD,417.290009
2026-05-18,GLD,418.429993
2026-05-19,GLD,411.5
2026-05-20,GLD,417.399994
2026-05-21,GLD,416.98999
2026-05-22,GLD,413.820007
2026-05-26,GLD,414.0
2026-05-27,GLD,408.48999
2026-05-28,GLD,412.769989
2026-05-29,GLD,417.119995
2026-06-01,GLD,411.26001
2026-06-02,GLD,411.950012
2026-06-03,GLD,407.869995
2026-06-04,GLD,411.269989
2026-06-05,GLD,396.23999
2026-06-08,GLD,397.269989
2026-06-09,GLD,390.779999
2026-06-10,GLD,374.579987
2026-06-11,GLD,386.320007
2026-06-12,GLD,386.540009
2026-06-15,GLD,396.549988
2026-06-16,GLD,397.630005
2026-06-17,GLD,388.600006
2026-06-18,GLD,387.119995
2026-06-22,GLD,384.589996
2026-06-23,GLD,377.320007
2026-06-24,GLD,365.920013
2026-06-25,GLD,369.459991
2026-06-26,GLD,373.630005
2026-06-29,GLD,368.579987
2026-06-30,GLD,368.380005
2026-07-01,GLD,370.600006
2026-02-17,HG=F,5.633
2026-02-18,HG=F,5.7935
2026-02-19,HG=F,5.73
2026-02-20,HG=F,5.831
2026-02-23,HG=F,5.773
2026-02-24,HG=F,5.923
2026-02-25,HG=F,5.9795
2026-02-26,HG=F,5.947
2026-02-27,HG=F,6.0045
2026-03-02,HG=F,5.8945
2026-03-03,HG=F,5.7735
2026-03-04,HG=F,5.855
2026-03-05,HG=F,5.753
2026-03-06,HG=F,5.757
2026-03-09,HG=F,5.8005
2026-03-10,HG=F,5.904
2026-03-11,HG=F,5.8455
2026-03-12,HG=F,5.8245
2026-03-13,HG=F,5.7145
2026-03-16,HG=F,5.7905
2026-03-17,HG=F,5.7265
2026-03-18,HG=F,5.554
2026-03-19,HG=F,5.433
2026-03-20,HG=F,5.3425
2026-03-23,HG=F,5.4395
2026-03-24,HG=F,5.4225
2026-03-25,HG=F,5.529
2026-03-26,HG=F,5.4465
2026-03-27,HG=F,5.467
2026-03-30,HG=F,5.476
2026-03-31,HG=F,5.5875
2026-04-01,HG=F,5.624
2026-04-02,HG=F,5.563
2026-04-06,HG=F,5.5835
2026-04-07,HG=F,5.5445
2026-04-08,HG=F,5.7595
2026-04-09,HG=F,5.748
2026-04-10,HG=F,5.8705
2026-04-13,HG=F,5.976
2026-04-14,HG=F,6.0705
2026-04-15,HG=F,6.072
2026-04-16,HG=F,6.0665
2026-04-17,HG=F,6.1035
2026-04-20,HG=F,6.036
2026-04-21,HG=F,6.0015
2026-04-22,HG=F,6.12
2026-04-23,HG=F,6.0755
2026-04-24,HG=F,6.0235
2026-04-27,HG=F,6.018
2026-04-28,HG=F,5.9145
2026-04-29,HG=F,5.8785
2026-04-30,HG=F,5.926
2026-05-01,HG=F,5.932
2026-05-04,HG=F,5.795
2026-05-05,HG=F,5.943
2026-05-06,HG=F,6.1365
2026-05-07,HG=F,6.1275
2026-05-08,HG=F,6.249
2026-05-11,HG=F,6.4135
2026-05-12,HG=F,6.485
2026-05-13,HG=F,6.6355
2026-05-14,HG=F,6.5675
2026-05-15,HG=F,6.2515
2026-05-18,HG=F,6.272
2026-05-19,HG=F,6.165
2026-05-20,HG=F,6.2905
2026-05-21,HG=F,6.257
2026-05-22,HG=F,6.342
2026-05-26,HG=F,6.361
2026-05-27,HG=F,6.305
2026-05-28,HG=F,6.396
2026-05-29,HG=F,6.3595
2026-06-01,HG=F,6.524
2026-06-02,HG=F,6.6495
2026-06-03,HG=F,6.481
2026-06-04,HG=F,6.511
2026-06-05,HG=F,6.2635
2026-06-08,HG=F,6.3295
2026-06-09,HG=F,6.3025
2026-06-10,HG=F,6.249
2026-06-11,HG=F,6.259
2026-06-12,HG=F,6.4305
2026-06-15,HG=F,6.4825
2026-06-16,HG=F,6.489
2026-06-17,HG=F,6.4815
2026-06-18,HG=F,6.3745
2026-06-22,HG=F,6.3565
2026-06-23,HG=F,6.141
2026-06-24,HG=F,5.943
2026-06-25,HG=F,6.0705
2026-06-26,HG=F,6.1415
2026-06-29,HG=F,6.0975
2026-06-30,HG=F,6.1925
2026-07-01,HG=F,6.1585
2026-02-17,HYG,79.610268
2026-02-18,HYG,79.708786
2026-02-19,HYG,79.738342
2026-02-20,HYG,79.79744
2026-02-23,HYG,79.669388
2026-02-24,HYG,79.610268
2026-02-25,HYG,79.718636
2026-02-26,HYG,79.649673
2026-02-27,HYG,79.521606
2026-03-02,HYG,79.476067
2026-03-03,HYG,79.317673
2026-03-04,HYG,79.189514
2026-03-05,HYG,78.874329
2026-03-06,HYG,78.490204
2026-03-09,HYG,78.962967
2026-03-10,HYG,78.83493
2026-03-11,HYG,78.657639
2026-03-12,HYG,78.155319
2026-03-13,HYG,78.007576
2026-03-16,HYG,78.253807
2026-03-17,HYG,78.608391
2026-03-18,HYG,78.204567
2026-03-19,HYG,78.460655
2026-03-20,HYG,77.731789
2026-03-23,HYG,78.243965
2026-03-24,HYG,77.978027
2026-03-25,HYG,78.224266
2026-03-26,HYG,77.731789
2026-03-27,HYG,77.534805
2026-03-30,HYG,77.623444
2026-03-31,HYG,78.362152
2026-04-01,HYG,78.554161
2026-04-02,HYG,78.742203
2026-04-06,HYG,78.880768
2026-04-07,HYG,78.900566
2026-04-08,HYG,79.365738
2026-04-09,HYG,79.454803
2026-04-10,HYG,79.1381
2026-04-13,HYG,79.435013
2026-04-14,HYG,79.672546
2026-04-15,HYG,79.632957
2026-04-16,HYG,79.524086
2026-04-17,HYG,79.821007
2026-04-20,HYG,79.751724
2026-04-21,HYG,79.543884
2026-04-22,HYG,79.672546
2026-04-23,HYG,79.543884
2026-04-24,HYG,79.652756
2026-04-27,HYG,79.682442
2026-04-28,HYG,79.573578
2026-04-29,HYG,79.306351
2026-04-30,HYG,79.55378
2026-05-01,HYG,79.652275
2026-05-04,HYG,79.3936
2026-05-05,HYG,79.512985
2026-05-06,HYG,79.75177
2026-05-07,HYG,79.453293
2026-05-08,HYG,79.731865
2026-05-11,HYG,79.572685
2026-05-12,HYG,79.463249
2026-05-13,HYG,79.503044
2026-05-14,HYG,79.443344
2026-05-15,HYG,79.055328
2026-05-18,HYG,79.134926
2026-05-19,HYG,78.945892
2026-05-20,HYG,79.453293
2026-05-21,HYG,79.493095
2026-05-22,HYG,79.503044
2026-05-26,HYG,79.771667
2026-05-27,HYG,79.721916
2026-05-28,HYG,79.821411
2026-05-29,HYG,79.901001
2026-06-01,HYG,79.839996
2026-06-02,HYG,79.900002
2026-06-03,HYG,79.68
2026-06-04,HYG,79.830002
2026-06-05,HYG,79.43
2026-06-08,HYG,79.540001
2026-06-09,HYG,79.620003
2026-06-10,HYG,79.470001
2026-06-11,HYG,79.940002
2026-06-12,HYG,79.940002
2026-06-15,HYG,80.040001
2026-06-16,HYG,80.029999
2026-06-17,HYG,79.730003
2026-06-18,HYG,80.010002
2026-06-22,HYG,79.940002
2026-06-23,HYG,79.870003
2026-06-24,HYG,79.849998
2026-06-25,HYG,79.879997
2026-06-26,HYG,79.830002
2026-06-29,HYG,80.010002
2026-06-30,HYG,79.970001
2026-07-01,HYG,79.589996
2026-02-17,IEF,96.280052
2026-02-18,IEF,96.081947
2026-02-19,IEF,96.171097
2026-02-20,IEF,96.171089
2026-02-23,IEF,96.517784
2026-02-24,IEF,96.497978
2026-02-25,IEF,96.418724
2026-02-26,IEF,96.676262
2026-02-27,IEF,97.062576
2026-03-02,IEF,96.479454
2026-03-03,IEF,96.370178
2026-03-04,IEF,95.849396
2026-03-05,IEF,95.552376
2026-03-06,IEF,95.492958
2026-03-09,IEF,95.789986
2026-03-10,IEF,95.48307
2026-03-11,IEF,95.047432
2026-03-12,IEF,94.740509
2026-03-13,IEF,94.641495
2026-03-16,IEF,95.06723
2026-03-17,IEF,95.23555
2026-03-18,IEF,94.799911
2026-03-19,IEF,94.790001
2026-03-20,IEF,93.938545
2026-03-23,IEF,94.235565
2026-03-24,IEF,93.918747
2026-03-25,IEF,94.41378
2026-03-26,IEF,93.651421
2026-03-27,IEF,93.661324
2026-03-30,IEF,94.324669
2026-03-31,IEF,94.492989
2026-04-01,IEF,94.410538
2026-04-02,IEF,94.629089
2026-04-06,IEF,94.380737
2026-04-07,IEF,94.619148
2026-04-08,IEF,94.827759
2026-04-09,IEF,94.797951
2026-04-10,IEF,94.639008
2026-04-13,IEF,94.847626
2026-04-14,IEF,95.155571
2026-04-15,IEF,94.946968
2026-04-16,IEF,94.778091
2026-04-17,IEF,95.294647
2026-04-20,IEF,95.205238
2026-04-21,IEF,94.788025
2026-04-22,IEF,94.88736
2026-04-23,IEF,94.738358
2026-04-24,IEF,94.927086
2026-04-27,IEF,94.708549
2026-04-28,IEF,94.619148
2026-04-29,IEF,94.172134
2026-04-30,IEF,94.350937
2026-05-01,IEF,94.422699
2026-05-04,IEF,94.073868
2026-05-05,IEF,94.213402
2026-05-06,IEF,94.681824
2026-05-07,IEF,94.392799
2026-05-08,IEF,94.64196
2026-05-11,IEF,94.323036
2026-05-12,IEF,94.004105
2026-05-13,IEF,94.004105
2026-05-14,IEF,93.944305
2026-05-15,IEF,93.196823
2026-05-18,IEF,93.156952
2026-05-19,IEF,92.798157
2026-05-20,IEF,93.426048
2026-05-21,IEF,93.485847
2026-05-22,IEF,93.565575
2026-05-26,IEF,93.964241
2026-05-27,IEF,94.004105
2026-05-28,IEF,94.223366
2026-05-29,IEF,94.333
2026-06-01,IEF,94.169998
2026-06-02,IEF,94.239998
2026-06-03,IEF,94.0
2026-06-04,IEF,94.120003
2026-06-05,IEF,93.620003
2026-06-08,IEF,93.519997
2026-06-09,IEF,93.779999
2026-06-10,IEF,93.690002
2026-06-11,IEF,94.339996
2026-06-12,IEF,94.18
2026-06-15,IEF,94.279999
2026-06-16,IEF,94.519997
2026-06-17,IEF,94.019997
2026-06-18,IEF,94.360001
2026-06-22,IEF,94.0
2026-06-23,IEF,94.120003
2026-06-24,IEF,94.730003
2026-06-25,IEF,94.790001
2026-06-26,IEF,95.029999
2026-06-29,IEF,95.059998
2026-06-30,IEF,94.57
2026-07-01,IEF,94.029999
2026-02-17,IWM,262.572937
2026-02-18,IWM,263.52124
2026-02-19,IWM,264.130157
2026-02-20,IWM,264.140137
2026-02-23,IWM,260.027435
2026-02-24,IWM,262.862396
2026-02-25,IWM,264.110168
2026-02-26,IWM,265.51767
2026-02-27,IWM,260.945831
2026-03-02,IWM,263.341553
2026-03-03,IWM,258.779663
2026-03-04,IWM,261.295197
2026-03-05,IWM,256.304077
2026-03-06,IWM,250.444504
2026-03-09,IWM,253.169647
2026-03-10,IWM,252.91011
2026-03-11,IWM,252.401031
2026-03-12,IWM,246.970688
2026-03-13,IWM,246.15213
2026-03-16,IWM,248.477997
2026-03-17,IWM,250.050003
2026-03-18,IWM,245.43634
2026-03-19,IWM,247.042511
2026-03-20,IWM,241.645355
2026-03-23,IWM,246.86293
2026-03-24,IWM,248.189789
2026-03-25,IWM,251.22258
2026-03-26,IWM,246.852966
2026-03-27,IWM,242.52327
2026-03-30,IWM,239.041534
2026-03-31,IWM,247.411636
2026-04-01,IWM,248.967926
2026-04-02,IWM,250.693817
2026-04-06,IWM,251.761292
2026-04-07,IWM,252.309982
2026-04-08,IWM,259.852051
2026-04-09,IWM,261.338501
2026-04-10,IWM,260.680054
2026-04-13,IWM,264.441132
2026-04-14,IWM,268.082489
2026-04-15,IWM,268.750916
2026-04-16,IWM,269.30957
2026-04-17,IWM,275.125732
2026-04-20,IWM,276.692017
2026-04-21,IWM,273.858765
2026-04-22,IWM,275.824066
2026-04-23,IWM,274.866333
2026-04-24,IWM,275.993652
2026-04-27,IWM,276.482513
2026-04-28,IWM,273.260162
2026-04-29,IWM,271.434479
2026-04-30,IWM,277.310547
2026-05-01,IWM,278.617432
2026-05-04,IWM,277.220764
2026-05-05,IWM,281.889648
2026-05-06,IWM,286.119568
2026-05-07,IWM,281.590363
2026-05-08,IWM,283.49585
2026-05-11,IWM,284.653046
2026-05-12,IWM,281.899628
2026-05-13,IWM,281.99939
2026-05-14,IWM,283.775177
2026-05-15,IWM,276.941406
2026-05-18,IWM,275.315277
2026-05-19,IWM,272.352325
2026-05-20,IWM,279.206024
2026-05-21,IWM,281.819794
2026-05-22,IWM,284.443573
2026-05-26,IWM,289.820801
2026-05-27,IWM,289.681122
2026-05-28,IWM,291.337189
2026-05-29,IWM,289.740967
2026-06-01,IWM,288.294434
2026-06-02,IWM,290.968048
2026-06-03,IWM,286.987518
2026-06-04,IWM,291.31723
2026-06-05,IWM,280.981781
2026-06-08,IWM,283.435944
2026-06-09,IWM,284.343781
2026-06-10,IWM,281.380829
2026-06-11,IWM,289.721008
2026-06-12,IWM,292.255005
2026-06-15,IWM,294.640015
2026-06-16,IWM,292.079987
2026-06-17,IWM,289.880005
2026-06-18,IWM,295.589996
2026-06-22,IWM,298.179993
2026-06-23,IWM,295.320007
2026-06-24,IWM,296.690002
2026-06-25,IWM,298.910004
2026-06-26,IWM,299.829987
2026-06-29,IWM,298.970001
2026-06-30,IWM,300.450012
2026-07-01,IWM,299.320007
2026-02-17,LQD,110.428558
2026-02-18,LQD,110.319809
2026-02-19,LQD,110.408791
2026-02-20,LQD,110.319809
2026-02-23,LQD,110.438446
2026-02-24,LQD,110.408783
2026-02-25,LQD,110.379128
2026-02-26,LQD,110.448341
2026-02-27,LQD,110.408791
2026-03-02,LQD,110.03479
2026-03-03,LQD,109.985199
2026-03-04,LQD,109.668663
2026-03-05,LQD,109.233826
2026-03-06,LQD,108.868172
2026-03-09,LQD,109.520416
2026-03-10,LQD,108.769333
2026-03-11,LQD,107.879898
2026-03-12,LQD,107.296814
2026-03-13,LQD,106.901497
2026-03-16,LQD,107.415405
2026-03-17,LQD,108.01825
2026-03-18,LQD,107.435165
2026-03-19,LQD,107.909538
2026-03-20,LQD,106.585251
2026-03-23,LQD,107.286926
2026-03-24,LQD,107.069504
2026-03-25,LQD,107.454941
2026-03-26,LQD,106.614891
2026-03-27,LQD,106.357956
2026-03-30,LQD,107.039848
2026-03-31,LQD,107.711876
2026-04-01,LQD,107.826996
2026-04-02,LQD,108.283463
2026-04-06,LQD,108.114761
2026-04-07,LQD,108.233849
2026-04-08,LQD,108.650627
2026-04-09,LQD,108.650627
2026-04-10,LQD,108.362846
2026-04-13,LQD,108.779633
2026-04-14,LQD,109.136871
2026-04-15,LQD,109.097176
2026-04-16,LQD,108.59108
2026-04-17,LQD,109.196411
2026-04-20,LQD,109.186485
2026-04-21,LQD,108.769707
2026-04-22,LQD,108.978096
2026-04-23,LQD,108.680389
2026-04-24,LQD,108.759781
2026-04-27,LQD,108.452164
2026-04-28,LQD,108.501778
2026-04-29,LQD,107.896461
2026-04-30,LQD,108.015526
2026-05-01,LQD,108.189873
2026-05-04,LQD,107.841194
2026-05-05,LQD,108.239685
2026-05-06,LQD,108.777649
2026-05-07,LQD,108.329346
2026-05-08,LQD,108.787605
2026-05-11,LQD,108.518631
2026-05-12,LQD,108.150024
2026-05-13,LQD,108.209801
2026-05-14,LQD,108.140068
2026-05-15,LQD,107.452667
2026-05-18,LQD,107.253426
2026-05-19,LQD,106.715462
2026-05-20,LQD,107.542328
2026-05-21,LQD,107.761497
2026-05-22,LQD,107.960747
2026-05-26,LQD,108.369194
2026-05-27,LQD,108.518631
2026-05-28,LQD,108.847382
2026-05-29,LQD,108.947006
2026-06-01,LQD,108.93
2026-06-02,LQD,108.919998
2026-06-03,LQD,108.620003
2026-06-04,LQD,108.849998
2026-06-05,LQD,108.169998
2026-06-08,LQD,108.059998
2026-06-09,LQD,108.410004
2026-06-10,LQD,108.160004
2026-06-11,LQD,109.080002
2026-06-12,LQD,109.010002
2026-06-15,LQD,108.989998
2026-06-16,LQD,109.120003
2026-06-17,LQD,108.769997
2026-06-18,LQD,109.07
2026-06-22,LQD,108.779999
2026-06-23,LQD,108.910004
2026-06-24,LQD,109.410004
2026-06-25,LQD,109.5
2026-06-26,LQD,109.5
2026-06-29,LQD,109.699997
2026-06-30,LQD,109.07
2026-07-01,LQD,108.459999
2026-02-17,NG=F,3.031
2026-02-18,NG=F,3.011
2026-02-19,NG=F,2.996
2026-02-20,NG=F,3.047
2026-02-23,NG=F,2.985
2026-02-24,NG=F,2.915
2026-02-25,NG=F,2.969
2026-02-26,NG=F,2.827
2026-02-27,NG=F,2.859
2026-03-02,NG=F,2.96
2026-03-03,NG=F,3.054
2026-03-04,NG=F,2.917
2026-03-05,NG=F,3.003
2026-03-06,NG=F,3.186
2026-03-09,NG=F,3.12
2026-03-10,NG=F,3.02
2026-03-11,NG=F,3.209
2026-03-12,NG=F,3.233
2026-03-13,NG=F,3.131
2026-03-16,NG=F,3.023
2026-03-17,NG=F,3.033
2026-03-18,NG=F,3.065
2026-03-19,NG=F,3.166
2026-03-20,NG=F,3.095
2026-03-23,NG=F,2.891
2026-03-24,NG=F,2.943
2026-03-25,NG=F,2.952
2026-03-26,NG=F,2.999
2026-03-27,NG=F,3.095
2026-03-30,NG=F,2.887
2026-03-31,NG=F,2.884
2026-04-01,NG=F,2.819
2026-04-02,NG=F,2.8
2026-04-06,NG=F,2.811
2026-04-07,NG=F,2.87
2026-04-08,NG=F,2.724
2026-04-09,NG=F,2.67
2026-04-10,NG=F,2.648
2026-04-13,NG=F,2.627
2026-04-14,NG=F,2.599
2026-04-15,NG=F,2.61
2026-04-16,NG=F,2.647
2026-04-17,NG=F,2.674
2026-04-20,NG=F,2.689
2026-04-21,NG=F,2.697
2026-04-22,NG=F,2.722
2026-04-23,NG=F,2.614
2026-04-24,NG=F,2.523
2026-04-27,NG=F,2.55
2026-04-28,NG=F,2.559
2026-04-29,NG=F,2.647
2026-04-30,NG=F,2.767
2026-05-01,NG=F,2.78
2026-05-04,NG=F,2.867
2026-05-05,NG=F,2.788
2026-05-06,NG=F,2.73
2026-05-07,NG=F,2.769
2026-05-08,NG=F,2.757
2026-05-11,NG=F,2.91
2026-05-12,NG=F,2.843
2026-05-13,NG=F,2.864
2026-05-14,NG=F,2.894
2026-05-15,NG=F,2.96
2026-05-18,NG=F,3.024
2026-05-19,NG=F,3.114
2026-05-20,NG=F,3.004
2026-05-21,NG=F,3.018
2026-05-22,NG=F,2.907
2026-05-26,NG=F,2.894
2026-05-27,NG=F,3.04
2026-05-28,NG=F,3.285
2026-05-29,NG=F,3.29
2026-06-01,NG=F,3.179
2026-06-02,NG=F,3.167
2026-06-03,NG=F,3.214
2026-06-04,NG=F,3.336
2026-06-05,NG=F,3.229
2026-06-08,NG=F,3.147
2026-06-09,NG=F,3.14
2026-06-10,NG=F,3.185
2026-06-11,NG=F,3.087
2026-06-12,NG=F,3.12
2026-06-15,NG=F,3.147
2026-06-16,NG=F,3.239
2026-06-17,NG=F,3.145
2026-06-18,NG=F,3.233
2026-06-22,NG=F,3.253
2026-06-23,NG=F,3.147
2026-06-24,NG=F,3.221
2026-06-25,NG=F,3.343
2026-06-26,NG=F,3.231
2026-06-29,NG=F,3.181
2026-06-30,NG=F,3.275
2026-07-01,NG=F,3.209
2026-02-17,QQQ,600.542725
2026-02-18,QQQ,605.0271
2026-02-19,QQQ,602.710022
2026-02-20,QQQ,608.043335
2026-02-23,QQQ,600.652588
2026-02-24,QQQ,607.104492
2026-02-25,QQQ,615.903381
2026-02-26,QQQ,608.472778
2026-02-27,QQQ,606.525208
2026-03-02,QQQ,607.324219
2026-03-03,QQQ,600.822449
2026-03-04,QQQ,609.980896
2026-03-05,QQQ,608.143127
2026-03-06,QQQ,598.99469
2026-03-09,QQQ,606.994629
2026-03-10,QQQ,607.004639
2026-03-11,QQQ,606.924744
2026-03-12,QQQ,596.507874
2026-03-13,QQQ,592.97229
2026-03-16,QQQ,599.623901
2026-03-17,QQQ,602.550232
2026-03-18,QQQ,594.150879
2026-03-19,QQQ,592.273193
2026-03-20,QQQ,581.326965
2026-03-23,QQQ,588.0
2026-03-24,QQQ,583.97998
2026-03-25,QQQ,587.174744
2026-03-26,QQQ,573.160095
2026-03-27,QQQ,561.962463
2026-03-30,QQQ,557.667175
2026-03-31,QQQ,576.546387
2026-04-01,QQQ,583.668579
2026-04-02,QQQ,584.33783
2026-04-06,QQQ,587.854004
2026-04-07,QQQ,587.943909
2026-04-08,QQQ,605.424683
2026-04-09,QQQ,609.520203
2026-04-10,QQQ,610.399231
2026-04-13,QQQ,616.71228
2026-04-14,QQQ,627.909912
2026-04-15,QQQ,636.700317
2026-04-16,QQQ,639.766907
2026-04-17,QQQ,648.137695
2026-04-20,QQQ,646.079956
2026-04-21,QQQ,643.622681
2026-04-22,QQQ,654.390869
2026-04-23,QQQ,650.704895
2026-04-24,QQQ,663.151245
2026-04-27,QQQ,663.500854
2026-04-28,QQQ,656.828186
2026-04-29,QQQ,660.84375
2026-04-30,QQQ,667.006958
2026-05-01,QQQ,673.409973
2026-05-04,QQQ,672.141357
2026-05-05,QQQ,680.861755
2026-05-06,QQQ,695.006226
2026-05-07,QQQ,694.177124
2026-05-08,QQQ,710.449219
2026-05-11,QQQ,712.506958
2026-05-12,QQQ,706.463623
2026-05-13,QQQ,713.925476
2026-05-14,QQQ,718.999817
2026-05-15,QQQ,708.151794
2026-05-18,QQQ,705.105103
2026-05-19,QQQ,700.759949
2026-05-20,QQQ,712.367188
2026-05-21,QQQ,713.725647
2026-05-22,QQQ,716.752319
2026-05-26,QQQ,729.478394
2026-05-27,QQQ,728.649292
2026-05-28,QQQ,734.79248
2026-05-29,QQQ,737.499512
2026-06-01,QQQ,741.924683
2026-06-02,QQQ,745.340881
2026-06-03,QQQ,743.393066
2026-06-04,QQQ,739.796997
2026-06-05,QQQ,704.286011
2026-06-08,QQQ,715.283936
2026-06-09,QQQ,707.052979
2026-06-10,QQQ,692.928528
2026-06-11,QQQ,716.332764
2026-06-12,QQQ,720.548157
2026-06-15,QQQ,743.183289
2026-06-16,QQQ,729.058777
2026-06-17,QQQ,721.716858
2026-06-18,QQQ,739.807007
2026-06-22,QQQ,737.950012
2026-06-23,QQQ,713.650024
2026-06-24,QQQ,710.619995
2026-06-25,QQQ,716.380005
2026-06-26,QQQ,706.52002
2026-06-29,QQQ,724.080017
2026-06-30,QQQ,736.400024
2026-07-01,QQQ,725.169983
2026-02-17,SI=F,73.446999
2026-02-18,SI=F,77.509003
2026-02-19,SI=F,77.565002
2026-02-20,SI=F,82.282997
2026-02-23,SI=F,86.523003
2026-02-24,SI=F,87.457001
2026-02-25,SI=F,90.939003
2026-02-26,SI=F,86.998001
2026-02-27,SI=F,92.681999
2026-03-02,SI=F,88.283997
2026-03-03,SI=F,82.922997
2026-03-04,SI=F,82.633003
2026-03-05,SI=F,81.686996
2026-03-06,SI=F,83.816002
2026-03-09,SI=F,84.031998
2026-03-10,SI=F,89.083
2026-03-11,SI=F,85.065002
2026-03-12,SI=F,84.669998
2026-03-13,SI=F,80.914001
2026-03-16,SI=F,80.263
2026-03-17,SI=F,79.529999
2026-03-18,SI=F,77.237999
2026-03-19,SI=F,70.902
2026-03-20,SI=F,69.360001
2026-03-23,SI=F,69.049004
2026-03-24,SI=F,69.274002
2026-03-25,SI=F,72.361
2026-03-26,SI=F,67.670998
2026-03-27,SI=F,69.544998
2026-03-30,SI=F,70.323997
2026-03-31,SI=F,74.690002
2026-04-01,SI=F,75.866997
2026-04-02,SI=F,72.735001
2026-04-06,SI=F,72.661003
2026-04-07,SI=F,71.825996
2026-04-08,SI=F,75.223999
2026-04-09,SI=F,76.277
2026-04-10,SI=F,76.323997
2026-04-13,SI=F,75.523003
2026-04-14,SI=F,79.390999
2026-04-15,SI=F,79.490997
2026-04-16,SI=F,78.606003
2026-04-17,SI=F,81.737999
2026-04-20,SI=F,79.950996
2026-04-21,SI=F,76.411003
2026-04-22,SI=F,77.892998
2026-04-23,SI=F,75.464996
2026-04-24,SI=F,76.383003
2026-04-27,SI=F,75.002998
2026-04-28,SI=F,73.205002
2026-04-29,SI=F,71.569
2026-04-30,SI=F,73.533997
2026-05-01,SI=F,75.950996
2026-05-04,SI=F,73.071999
2026-05-05,SI=F,73.108002
2026-05-06,SI=F,76.810997
2026-05-07,SI=F,79.700996
2026-05-08,SI=F,80.394997
2026-05-11,SI=F,85.485001
2026-05-12,SI=F,85.129997
2026-05-13,SI=F,88.888
2026-05-14,SI=F,84.912003
2026-05-15,SI=F,77.161003
2026-05-18,SI=F,77.072998
2026-05-19,SI=F,74.828003
2026-05-20,SI=F,75.850998
2026-05-21,SI=F,76.414001
2026-05-22,SI=F,75.892998
2026-05-26,SI=F,76.305
2026-05-27,SI=F,74.598999
2026-05-28,SI=F,75.644997
2026-05-29,SI=F,75.615997
2026-06-01,SI=F,75.007004
2026-06-02,SI=F,75.310997
2026-06-03,SI=F,73.475998
2026-06-04,SI=F,73.778999
2026-06-05,SI=F,68.943001
2026-06-08,SI=F,68.425003
2026-06-09,SI=F,65.094002
2026-06-10,SI=F,64.598999
2026-06-11,SI=F,63.884998
2026-06-12,SI=F,67.859001
2026-06-15,SI=F,70.066002
2026-06-16,SI=F,69.899002
2026-06-17,SI=F,70.695999
2026-06-18,SI=F,66.254997
2026-06-22,SI=F,65.527
2026-06-23,SI=F,62.02
2026-06-24,SI=F,58.051998
2026-06-25,SI=F,58.348
2026-06-26,SI=F,59.216999
2026-06-29,SI=F,58.174999
2026-06-30,SI=F,59.477001
2026-07-01,SI=F,59.779999
2026-02-17,SLV,66.370003
2026-02-18,SLV,70.089996
2026-02-19,SLV,71.010002
2026-02-20,SLV,76.620003
2026-02-23,SLV,80.57
2026-02-24,SLV,79.080002
2026-02-25,SLV,80.040001
2026-02-26,SLV,80.449997
2026-02-27,SLV,84.989998
2026-03-02,SLV,81.57
2026-03-03,SLV,74.68
2026-03-04,SLV,75.339996
2026-03-05,SLV,74.269997
2026-03-06,SLV,75.940002
2026-03-09,SLV,78.260002
2026-03-10,SLV,80.089996
2026-03-11,SLV,77.910004
2026-03-12,SLV,76.480003
2026-03-13,SLV,72.690002
2026-03-16,SLV,73.220001
2026-03-17,SLV,71.660004
2026-03-18,SLV,68.699997
2026-03-19,SLV,65.68
2026-03-20,SLV,61.52
2026-03-23,SLV,62.470001
2026-03-24,SLV,62.950001
2026-03-25,SLV,65.209999
2026-03-26,SLV,60.77
2026-03-27,SLV,63.439999
2026-03-30,SLV,63.52
2026-03-31,SLV,68.139999
2026-04-01,SLV,68.139999
2026-04-02,SLV,65.790001
2026-04-06,SLV,66.089996
2026-04-07,SLV,65.940002
2026-04-08,SLV,67.470001
2026-04-09,SLV,68.389999
2026-04-10,SLV,69.080002
2026-04-13,SLV,68.279999
2026-04-14,SLV,72.040001
2026-04-15,SLV,71.839996
2026-04-16,SLV,71.239998
2026-04-17,SLV,73.629997
2026-04-20,SLV,72.150002
2026-04-21,SLV,68.489998
2026-04-22,SLV,70.370003
2026-04-23,SLV,68.379997
2026-04-24,SLV,68.790001
2026-04-27,SLV,68.330002
2026-04-28,SLV,66.199997
2026-04-29,SLV,64.839996
2026-04-30,SLV,66.660004
2026-05-01,SLV,68.290001
2026-05-04,SLV,65.940002
2026-05-05,SLV,65.910004
2026-05-06,SLV,70.129997
2026-05-07,SLV,71.599998
2026-05-08,SLV,73.010002
2026-05-11,SLV,78.0
2026-05-12,SLV,78.550003
2026-05-13,SLV,79.349998
2026-05-14,SLV,75.510002
2026-05-15,SLV,69.040001
2026-05-18,SLV,69.940002
2026-05-19,SLV,66.900002
2026-05-20,SLV,68.730003
2026-05-21,SLV,69.449997
2026-05-22,SLV,68.360001
2026-05-26,SLV,69.720001
2026-05-27,SLV,67.5
2026-05-28,SLV,68.360001
2026-05-29,SLV,68.330002
2026-06-01,SLV,67.669998
2026-06-02,SLV,67.989998
2026-06-03,SLV,66.209999
2026-06-04,SLV,66.980003
2026-06-05,SLV,61.57
2026-06-08,SLV,61.580002
2026-06-09,SLV,59.009998
2026-06-10,SLV,57.66
2026-06-11,SLV,60.82
2026-06-12,SLV,61.290001
2026-06-15,SLV,63.470001
2026-06-16,SLV,63.389999
2026-06-17,SLV,60.610001
2026-06-18,SLV,59.509998
2026-06-22,SLV,58.91
2026-06-23,SLV,55.73
2026-06-24,SLV,51.779999
2026-06-25,SLV,52.360001
2026-06-26,SLV,53.279999
2026-06-29,SLV,52.68
2026-06-30,SLV,53.470001
2026-07-01,SLV,53.580002
2026-02-17,SOL-USD,85.197609
2026-02-18,SOL-USD,81.566948
2026-02-19,SOL-USD,82.39325
2026-02-20,SOL-USD,84.635109
2026-02-21,SOL-USD,85.211136
2026-02-22,SOL-USD,82.790977
2026-02-23,SOL-USD,77.753319
2026-02-24,SOL-USD,79.036522
2026-02-25,SOL-USD,87.915604
2026-02-26,SOL-USD,85.909119
2026-02-27,SOL-USD,81.951485
2026-02-28,SOL-USD,84.36618
2026-03-01,SOL-USD,83.57766
2026-03-02,SOL-USD,86.634521
2026-03-03,SOL-USD,87.019753
2026-03-04,SOL-USD,90.834267
2026-03-05,SOL-USD,88.691109
2026-03-06,SOL-USD,84.681801
2026-03-07,SOL-USD,83.179955
2026-03-08,SOL-USD,81.624588
2026-03-09,SOL-USD,84.936172
2026-03-10,SOL-USD,85.838226
2026-03-11,SOL-USD,86.564934
2026-03-12,SOL-USD,86.86779
2026-03-13,SOL-USD,88.15329
2026-03-14,SOL-USD,88.070686
2026-03-15,SOL-USD,92.251823
2026-03-16,SOL-USD,96.223724
2026-03-17,SOL-USD,94.705971
2026-03-18,SOL-USD,90.06572
2026-03-19,SOL-USD,88.917847
2026-03-20,SOL-USD,89.853569
2026-03-21,SOL-USD,87.46537
2026-03-22,SOL-USD,86.128349
2026-03-23,SOL-USD,91.42408
2026-03-24,SOL-USD,90.822426
2026-03-25,SOL-USD,91.708221
2026-03-26,SOL-USD,86.443932
2026-03-27,SOL-USD,83.018829
2026-03-28,SOL-USD,82.015602
2026-03-29,SOL-USD,81.422401
2026-03-30,SOL-USD,82.444054
2026-03-31,SOL-USD,83.106461
2026-04-01,SOL-USD,81.195259
2026-04-02,SOL-USD,78.951317
2026-04-03,SOL-USD,80.368546
2026-04-04,SOL-USD,80.80838
2026-04-05,SOL-USD,81.854492
2026-04-06,SOL-USD,80.151573
2026-04-07,SOL-USD,85.64801
2026-04-08,SOL-USD,82.581696
2026-04-09,SOL-USD,83.297729
2026-04-10,SOL-USD,84.828476
2026-04-11,SOL-USD,84.948769
2026-04-12,SOL-USD,81.535233
2026-04-13,SOL-USD,86.656563
2026-04-14,SOL-USD,83.774628
2026-04-15,SOL-USD,84.919334
2026-04-16,SOL-USD,88.994209
2026-04-17,SOL-USD,88.874161
2026-04-18,SOL-USD,86.202713
2026-04-19,SOL-USD,83.580948
2026-04-20,SOL-USD,85.332954
2026-04-21,SOL-USD,86.029465
2026-04-22,SOL-USD,86.915825
2026-04-23,SOL-USD,86.14106
2026-04-24,SOL-USD,86.23188
2026-04-25,SOL-USD,86.151176
2026-04-26,SOL-USD,86.970383
2026-04-27,SOL-USD,84.817787
2026-04-28,SOL-USD,84.038979
2026-04-29,SOL-USD,83.026871
2026-04-30,SOL-USD,83.023758
2026-05-01,SOL-USD,83.723503
2026-05-02,SOL-USD,84.276611
2026-05-03,SOL-USD,83.899574
2026-05-04,SOL-USD,84.089859
2026-05-05,SOL-USD,86.319191
2026-05-06,SOL-USD,89.14502
2026-05-07,SOL-USD,88.404785
2026-05-08,SOL-USD,91.949821
2026-05-09,SOL-USD,93.145515
2026-05-10,SOL-USD,96.426987
2026-05-11,SOL-USD,97.350151
2026-05-12,SOL-USD,94.284294
2026-05-13,SOL-USD,91.085472
2026-05-14,SOL-USD,92.148727
2026-05-15,SOL-USD,89.200356
2026-05-16,SOL-USD,86.536484
2026-05-17,SOL-USD,85.172951
2026-05-18,SOL-USD,85.296898
2026-05-19,SOL-USD,84.208603
2026-05-20,SOL-USD,86.041939
2026-05-21,SOL-USD,87.156204
2026-05-22,SOL-USD,84.307091
2026-05-23,SOL-USD,85.658485
2026-05-24,SOL-USD,85.249695
2026-05-25,SOL-USD,85.010506
2026-05-26,SOL-USD,83.586517
2026-05-27,SOL-USD,82.368126
2026-05-28,SOL-USD,81.985428
2026-05-29,SOL-USD,81.932487
2026-05-30,SOL-USD,82.547295
2026-05-31,SOL-USD,82.298302
2026-06-01,SOL-USD,81.087021
2026-06-02,SOL-USD,74.14286
2026-06-03,SOL-USD,71.612381
2026-06-04,SOL-USD,68.718925
2026-06-05,SOL-USD,63.486942
2026-06-06,SOL-USD,62.189804
2026-06-07,SOL-USD,66.310631
2026-06-08,SOL-USD,66.794952
2026-06-09,SOL-USD,64.962059
2026-06-10,SOL-USD,63.160954
2026-06-11,SOL-USD,66.822006
2026-06-12,SOL-USD,66.749275
2026-06-13,SOL-USD,68.872787
2026-06-14,SOL-USD,71.166183
2026-06-15,SOL-USD,73.979332
2026-06-16,SOL-USD,73.413788
2026-06-17,SOL-USD,71.930984
2026-06-18,SOL-USD,69.626495
2026-06-19,SOL-USD,69.720604
2026-06-20,SOL-USD,73.172653
2026-06-21,SOL-USD,72.418159
2026-06-22,SOL-USD,71.908165
2026-06-23,SOL-USD,69.643684
2026-06-24,SOL-USD,67.982498
2026-06-25,SOL-USD,67.574089
2026-06-26,SOL-USD,71.835381
2026-06-27,SOL-USD,70.410698
2026-06-28,SOL-USD,71.312943
2026-06-29,SOL-USD,74.946815
2026-06-30,SOL-USD,73.523308
2026-07-01,SOL-USD,77.610001
2026-02-17,SPY,680.990173
2026-02-18,SPY,684.420837
2026-02-19,SPY,682.615723
2026-02-20,SPY,687.552307
2026-02-23,SPY,680.531494
2026-02-24,SPY,685.477905
2026-02-25,SPY,691.262207
2026-02-26,SPY,687.422607
2026-02-27,SPY,684.121643
2026-03-02,SPY,684.51062
2026-03-03,SPY,678.477112
2026-03-04,SPY,683.263977
2026-03-05,SPY,679.454407
2026-03-06,SPY,670.548706
2026-03-09,SPY,676.422729
2026-03-10,SPY,675.335632
2026-03-11,SPY,674.487976
2026-03-12,SPY,664.245911
2026-03-13,SPY,660.486206
2026-03-16,SPY,667.207886
2026-03-17,SPY,668.963013
2026-03-18,SPY,659.62854
2026-03-19,SPY,658.002991
2026-03-20,SPY,648.570007
2026-03-23,SPY,655.380005
2026-03-24,SPY,653.179993
2026-03-25,SPY,655.132202
2026-03-26,SPY,643.432373
2026-03-27,SPY,632.460632
2026-03-30,SPY,630.346069
2026-03-31,SPY,648.668884
2026-04-01,SPY,653.556274
2026-04-02,SPY,654.144775
2026-04-06,SPY,657.236816
2026-04-07,SPY,657.526001
2026-04-08,SPY,674.272949
2026-04-09,SPY,678.162842
2026-04-10,SPY,677.71405
2026-04-13,SPY,684.336975
2026-04-14,SPY,692.675537
2026-04-15,SPY,698.141418
2026-04-16,SPY,699.856995
2026-04-17,SPY,708.315247
2026-04-20,SPY,706.898804
2026-04-21,SPY,702.270813
2026-04-22,SPY,709.382507
2026-04-23,SPY,706.629578
2026-04-24,SPY,712.105469
2026-04-27,SPY,713.332275
2026-04-28,SPY,709.861206
2026-04-29,SPY,709.751526
2026-04-30,SPY,716.813293
2026-05-01,SPY,718.798218
2026-05-04,SPY,716.164978
2026-05-05,SPY,721.910217
2026-05-06,SPY,731.944336
2026-05-07,SPY,729.700134
2026-05-08,SPY,735.724609
2026-05-11,SPY,737.400269
2026-05-12,SPY,736.283142
2026-05-13,SPY,740.402527
2026-05-14,SPY,746.247498
2026-05-15,SPY,737.27063
2026-05-18,SPY,736.751953
2026-05-19,SPY,731.844604
2026-05-20,SPY,739.345276
2026-05-21,SPY,740.811462
2026-05-22,SPY,743.723999
2026-05-26,SPY,748.661316
2026-05-27,SPY,748.531616
2026-05-28,SPY,752.66095
2026-05-29,SPY,754.536133
2026-06-01,SPY,756.59082
2026-06-02,SPY,757.618225
2026-06-03,SPY,752.30188
2026-06-04,SPY,755.144592
2026-06-05,SPY,735.654785
2026-06-08,SPY,737.320435
2026-06-09,SPY,735.156067
2026-06-10,SPY,723.565918
2026-06-11,SPY,735.864258
2026-06-12,SPY,739.843994
2026-06-15,SPY,752.890381
2026-06-16,SPY,748.401978
2026-06-17,SPY,739.05603
2026-06-18,SPY,746.73999
2026-06-22,SPY,744.390015
2026-06-23,SPY,733.580017
2026-06-24,SPY,733.23999
2026-06-25,SPY,734.299988
2026-06-26,SPY,728.98999
2026-06-29,SPY,741.0
2026-06-30,SPY,746.77002
2026-07-01,SPY,745.76001
2026-02-17,TLT,88.887451
2026-02-18,TLT,88.55117
2026-02-19,TLT,88.64019
2026-02-20,TLT,88.432487
2026-02-23,TLT,88.758865
2026-02-24,TLT,88.917122
2026-02-25,TLT,88.927017
2026-02-26,TLT,89.283073
2026-02-27,TLT,89.827065
2026-03-02,TLT,88.925011
2026-03-03,TLT,88.746391
2026-03-04,TLT,88.121918
2026-03-05,TLT,87.766068
2026-03-06,TLT,87.439873
2026-03-09,TLT,88.201004
2026-03-10,TLT,87.26194
2026-03-11,TLT,86.135094
2026-03-12,TLT,85.967056
2026-03-13,TLT,85.542015
2026-03-16,TLT,86.204285
2026-03-17,TLT,86.441521
2026-03-18,TLT,85.957169
2026-03-19,TLT,86.481056
2026-03-20,TLT,84.840202
2026-03-23,TLT,85.393745
2026-03-24,TLT,85.018127
2026-03-25,TLT,85.838547
2026-03-26,TLT,85.116974
2026-03-27,TLT,84.65239
2026-03-30,TLT,85.779243
2026-03-31,TLT,85.690285
2026-04-01,TLT,85.605934
2026-04-02,TLT,86.131912
2026-04-06,TLT,85.992973
2026-04-07,TLT,85.983047
2026-04-08,TLT,86.260925
2026-04-09,TLT,86.042587
2026-04-10,TLT,85.834183
2026-04-13,TLT,86.092209
2026-04-14,TLT,86.548721
2026-04-15,TLT,86.171608
2026-04-16,TLT,85.625778
2026-04-17,TLT,86.40979
2026-04-20,TLT,86.389938
2026-04-21,TLT,85.913582
2026-04-22,TLT,86.082283
2026-04-23,TLT,85.89373
2026-04-24,TLT,86.052521
2026-04-27,TLT,85.625778
2026-04-28,TLT,85.715096
2026-04-29,TLT,85.050171
2026-04-30,TLT,84.970779
2026-05-01,TLT,85.27459
2026-05-04,TLT,84.627129
2026-05-05,TLT,85.095291
2026-05-06,TLT,85.742744
2026-05-07,TLT,85.31443
2026-05-08,TLT,85.742744
2026-05-11,TLT,85.224777
2026-05-12,TLT,84.657013
2026-05-13,TLT,84.467766
2026-05-14,TLT,84.587288
2026-05-15,TLT,83.33223
2026-05-18,TLT,83.232613
2026-05-19,TLT,82.694733
2026-05-20,TLT,83.581253
2026-05-21,TLT,83.89003
2026-05-22,TLT,84.348228
2026-05-26,TLT,84.766579
2026-05-27,TLT,84.965805
2026-05-28,TLT,85.404076
2026-05-29,TLT,85.424004
2026-06-01,TLT,85.470001
2026-06-02,TLT,85.650002
2026-06-03,TLT,85.309998
2026-06-04,TLT,85.5
2026-06-05,TLT,85.059998
2026-06-08,TLT,84.620003
2026-06-09,TLT,85.120003
2026-06-10,TLT,84.879997
2026-06-11,TLT,85.980003
2026-06-12,TLT,85.769997
2026-06-15,TLT,85.720001
2026-06-16,TLT,86.190002
2026-06-17,TLT,86.330002
2026-06-18,TLT,86.75
2026-06-22,TLT,86.089996
2026-06-23,TLT,86.199997
2026-06-24,TLT,87.379997
2026-06-25,TLT,87.349998
2026-06-26,TLT,87.360001
2026-06-29,TLT,87.449997
2026-06-30,TLT,86.419998
2026-07-01,TLT,85.519997
2026-02-17,UVXY,38.43
2026-02-18,UVXY,38.470001
2026-02-19,UVXY,40.029999
2026-02-20,UVXY,38.57
2026-02-23,UVXY,40.98
2026-02-24,UVXY,38.75
2026-02-25,UVXY,36.720001
2026-02-26,UVXY,37.439999
2026-02-27,UVXY,39.650002
2026-03-02,UVXY,40.400002
2026-03-03,UVXY,43.150002
2026-03-04,UVXY,40.689999
2026-03-05,UVXY,44.75
2026-03-06,UVXY,54.09
2026-03-09,UVXY,46.0
2026-03-10,UVXY,49.799999
2026-03-11,UVXY,46.259998
2026-03-12,UVXY,50.82
2026-03-13,UVXY,52.290001
2026-03-16,UVXY,46.080002
2026-03-17,UVXY,45.279999
2026-03-18,UVXY,51.029999
2026-03-19,UVXY,48.98
2026-03-20,UVXY,54.099998
2026-03-23,UVXY,49.880001
2026-03-24,UVXY,51.560001
2026-03-25,UVXY,49.84
2026-03-26,UVXY,55.049999
2026-03-27,UVXY,61.650002
2026-03-30,UVXY,60.91
2026-03-31,UVXY,52.299999
2026-04-01,UVXY,50.52
2026-04-02,UVXY,50.529999
2026-04-06,UVXY,48.610001
2026-04-07,UVXY,51.169998
2026-04-08,UVXY,43.959999
2026-04-09,UVXY,41.130001
2026-04-10,UVXY,41.919998
2026-04-13,UVXY,39.57
2026-04-14,UVXY,38.759998
2026-04-15,UVXY,38.950001
2026-04-16,UVXY,38.849998
2026-04-17,UVXY,38.150002
2026-04-20,UVXY,38.799999
2026-04-21,UVXY,39.849998
2026-04-22,UVXY,39.360001
2026-04-23,UVXY,38.970001
2026-04-24,UVXY,39.720001
2026-04-27,UVXY,37.860001
2026-04-28,UVXY,36.650002
2026-04-29,UVXY,38.02
2026-04-30,UVXY,36.490002
2026-05-01,UVXY,36.889999
2026-05-04,UVXY,37.330002
2026-05-05,UVXY,37.459999
2026-05-06,UVXY,36.369999
2026-05-07,UVXY,35.84
2026-05-08,UVXY,36.099998
2026-05-11,UVXY,36.98
2026-05-12,UVXY,35.740002
2026-05-13,UVXY,36.709999
2026-05-14,UVXY,35.43
2026-05-15,UVXY,35.759998
2026-05-18,UVXY,34.790001
2026-05-19,UVXY,35.279999
2026-05-20,UVXY,34.110001
2026-05-21,UVXY,32.650002
2026-05-22,UVXY,32.91
2026-05-26,UVXY,31.41
2026-05-27,UVXY,30.389999
2026-05-28,UVXY,29.49
2026-05-29,UVXY,28.77
2026-06-01,UVXY,29.950001
2026-06-02,UVXY,29.15
2026-06-03,UVXY,29.08
2026-06-04,UVXY,27.639999
2026-06-05,UVXY,30.68
2026-06-08,UVXY,29.85
2026-06-09,UVXY,30.540001
2026-06-10,UVXY,33.27
2026-06-11,UVXY,30.809999
2026-06-12,UVXY,28.73
2026-06-15,UVXY,25.77
2026-06-16,UVXY,25.84
2026-06-17,UVXY,27.440001
2026-06-18,UVXY,26.0
2026-06-22,UVXY,25.860001
2026-06-23,UVXY,28.0
2026-06-24,UVXY,27.65
2026-06-25,UVXY,26.969999
2026-06-26,UVXY,27.219999
2026-06-29,UVXY,25.709999
2026-06-30,UVXY,24.889999
2026-07-01,UVXY,25.190001
2026-02-17,XLE,53.401093
2026-02-18,XLE,54.424404
2026-02-19,XLE,54.821812
2026-02-20,XLE,54.523758
2026-02-23,XLE,54.792007
2026-02-24,XLE,54.742329
2026-02-25,XLE,54.513821
2026-02-26,XLE,54.692654
2026-02-27,XLE,55.557003
2026-03-02,XLE,56.669739
2026-03-03,XLE,56.153111
2026-03-04,XLE,55.825253
2026-03-05,XLE,56.113369
2026-03-06,XLE,56.202785
2026-03-09,XLE,55.954411
2026-03-10,XLE,55.239082
2026-03-11,XLE,56.610126
2026-03-12,XLE,57.136684
2026-03-13,XLE,57.325451
2026-03-16,XLE,57.524155
2026-03-17,XLE,58.130192
2026-03-18,XLE,58.050713
2026-03-19,XLE,58.974678
2026-03-20,XLE,58.925003
2026-03-23,XLE,59.630001
2026-03-24,XLE,60.84
2026-03-25,XLE,60.136311
2026-03-26,XLE,61.07951
2026-03-27,XLE,62.112064
2026-03-30,XLE,61.516357
2026-03-31,XLE,60.821369
2026-04-01,XLE,58.547768
2026-04-02,XLE,58.825764
2026-04-06,XLE,59.252686
2026-04-07,XLE,59.729248
2026-04-08,XLE,57.634354
2026-04-09,XLE,56.91951
2026-04-10,XLE,56.532303
2026-04-13,XLE,56.701084
2026-04-14,XLE,55.549393
2026-04-15,XLE,55.360748
2026-04-16,XLE,56.174881
2026-04-17,XLE,54.626049
2026-04-20,XLE,54.67569
2026-04-21,XLE,55.469963
2026-04-22,XLE,56.135166
2026-04-23,XLE,56.572014
2026-04-24,XLE,56.462803
2026-04-27,XLE,56.363522
2026-04-28,XLE,57.296787
2026-04-29,XLE,58.607338
2026-04-30,XLE,59.2229
2026-05-01,XLE,58.428623
2026-05-04,XLE,58.96476
2026-05-05,XLE,59.02433
2026-05-06,XLE,56.591873
2026-05-07,XLE,55.549393
2026-05-08,XLE,55.301182
2026-05-11,XLE,56.760654
2026-05-12,XLE,57.157791
2026-05-13,XLE,57.217361
2026-05-14,XLE,57.654213
2026-05-15,XLE,59.0144
2026-05-18,XLE,60.14624
2026-05-19,XLE,60.851158
2026-05-20,XLE,59.371822
2026-05-21,XLE,58.706623
2026-05-22,XLE,59.064045
2026-05-26,XLE,57.435783
2026-05-27,XLE,56.581947
2026-05-28,XLE,56.542233
2026-05-29,XLE,55.886959
2026-06-01,XLE,56.889725
2026-06-02,XLE,57.544998
2026-06-03,XLE,58.289627
2026-06-04,XLE,58.329342
2026-06-05,XLE,57.257072
2026-06-08,XLE,57.91235
2026-06-09,XLE,56.97908
2026-06-10,XLE,57.832924
2026-06-11,XLE,56.711014
2026-06-12,XLE,57.137936
2026-06-15,XLE,55.152256
2026-06-16,XLE,54.963615
2026-06-17,XLE,54.278553
2026-06-18,XLE,53.385002
2026-06-22,XLE,54.060001
2026-06-23,XLE,54.459999
2026-06-24,XLE,53.57
2026-06-25,XLE,54.09
2026-06-26,XLE,53.84
2026-06-29,XLE,53.580002
2026-06-30,XLE,53.110001
2026-07-01,XLE,52.810001
2026-02-17,XLF,51.933044
2026-02-18,XLF,52.321053
2026-02-19,XLF,51.883301
2026-02-20,XLF,52.221565
2026-02-23,XLF,50.470562
2026-02-24,XLF,50.719284
2026-02-25,XLF,51.604733
2026-02-26,XLF,52.23151
2026-02-27,XLF,51.166985
2026-03-02,XLF,51.037647
2026-03-03,XLF,50.948109
2026-03-04,XLF,51.236626
2026-03-05,XLF,50.968006
2026-03-06,XLF,50.311382
2026-03-09,XLF,50.072609
2026-03-10,XLF,49.803989
2026-03-11,XLF,49.386135
2026-03-12,XLF,48.58028
2026-03-13,XLF,48.639973
2026-03-16,XLF,49.047874
2026-03-17,XLF,49.306549
2026-03-18,XLF,48.719566
2026-03-19,XLF,48.739464
2026-03-20,XLF,48.829002
2026-03-23,XLF,49.27
2026-03-24,XLF,49.279999
2026-03-25,XLF,49.167767
2026-03-26,XLF,48.878777
2026-03-27,XLF,47.643108
2026-03-30,XLF,48.191189
2026-03-31,XLF,49.197662
2026-04-01,XLF,49.267418
2026-04-02,XLF,49.357101
2026-04-06,XLF,49.705883
2026-04-07,XLF,49.705883
2026-04-08,XLF,51.021275
2026-04-09,XLF,51.150822
2026-04-10,XLF,50.592773
2026-04-13,XLF,51.479668
2026-04-14,XLF,51.599247
2026-04-15,XLF,51.987885
2026-04-16,XLF,51.848373
2026-04-17,XLF,52.246979
2026-04-20,XLF,52.446281
2026-04-21,XLF,52.117432
2026-04-22,XLF,52.027748
2026-04-23,XLF,51.619179
2026-04-24,XLF,51.240505
2026-04-27,XLF,51.629147
2026-04-28,XLF,51.669003
2026-04-29,XLF,51.738758
2026-04-30,XLF,51.948029
2026-05-01,XLF,51.738758
2026-05-04,XLF,51.399948
2026-05-05,XLF,51.409912
2026-05-06,XLF,51.659039
2026-05-07,XLF,51.370052
2026-05-08,XLF,51.061134
2026-05-11,XLF,51.001343
2026-05-12,XLF,51.399948
2026-05-13,XLF,50.812008
2026-05-14,XLF,51.110962
2026-05-15,XLF,50.921623
2026-05-18,XLF,51.559391
2026-05-19,XLF,50.921623
2026-05-20,XLF,51.479668
2026-05-21,XLF,51.549423
2026-05-22,XLF,51.75869
2026-05-26,XLF,51.669003
2026-05-27,XLF,51.240505
2026-05-28,XLF,51.09103
2026-05-29,XLF,51.399948
2026-06-01,XLF,51.250473
2026-06-02,XLF,51.280365
2026-06-03,XLF,50.692425
2026-06-04,XLF,52.007816
2026-06-05,XLF,52.117432
2026-06-08,XLF,51.788586
2026-06-09,XLF,52.276875
2026-06-10,XLF,52.047676
2026-06-11,XLF,52.436317
2026-06-12,XLF,53.153805
2026-06-15,XLF,53.373035
2026-06-16,XLF,54.160278
2026-06-17,XLF,53.861324
2026-06-18,XLF,53.382999
2026-06-22,XLF,53.700001
2026-06-23,XLF,53.880001
2026-06-24,XLF,53.720001
2026-06-25,XLF,53.450001
2026-06-26,XLF,53.57
2026-06-29,XLF,53.720001
2026-06-30,XLF,53.610001
2026-07-01,XLF,54.779999
2026-02-17,XLK,139.306793
2026-02-18,XLK,140.735016
2026-02-19,XLK,140.035889
2026-02-20,XLK,140.705063
2026-02-23,XLK,138.347992
2026-02-24,XLK,140.145752
2026-02-25,XLK,142.832397
2026-02-26,XLK,140.834885
2026-02-27,XLK,138.587677
2026-03-02,XLK,139.366714
2026-03-03,XLK,137.329254
2026-03-04,XLK,139.666336
2026-03-05,XLK,140.00592
2026-03-06,XLK,137.119507
2026-03-09,XLK,139.586441
2026-03-10,XLK,139.586441
2026-03-11,XLK,140.2556
2026-03-12,XLK,137.668823
2026-03-13,XLK,136.630127
2026-03-16,XLK,138.607666
2026-03-17,XLK,139.366714
2026-03-18,XLK,137.788681
2026-03-19,XLK,138.258087
2026-03-20,XLK,135.121994
2026-03-23,XLK,136.949997
2026-03-24,XLK,136.149994
2026-03-25,XLK,136.597122
2026-03-26,XLK,132.342194
2026-03-27,XLK,129.765274
2026-03-30,XLK,127.348152
2026-03-31,XLK,132.741714
2026-04-01,XLK,134.749329
2026-04-02,XLK,135.828049
2026-04-06,XLK,136.617096
2026-04-07,XLK,137.266312
2026-04-08,XLK,141.521255
2026-04-09,XLK,141.900803
2026-04-10,XLK,142.450134
2026-04-13,XLK,145.436584
2026-04-14,XLK,147.763809
2026-04-15,XLK,150.121002
2026-04-16,XLK,151.838959
2026-04-17,XLK,154.166183
2026-04-20,XLK,154.375916
2026-04-21,XLK,154.505768
2026-04-22,XLK,157.901718
2026-04-23,XLK,155.654404
2026-04-24,XLK,160.02919
2026-04-27,XLK,160.378769
2026-04-28,XLK,157.662018
2026-04-29,XLK,158.920502
2026-04-30,XLK,159.310043
2026-05-01,XLK,161.677216
2026-05-04,XLK,161.85701
2026-05-05,XLK,165.432739
2026-05-06,XLK,169.827499
2026-05-07,XLK,169.487915
2026-05-08,XLK,175.310974
2026-05-11,XLK,177.668152
2026-05-12,XLK,174.991348
2026-05-13,XLK,176.639389
2026-05-14,XLK,179.286224
2026-05-15,XLK,176.050079
2026-05-18,XLK,174.152344
2026-05-19,XLK,173.033676
2026-05-20,XLK,176.929031
2026-05-21,XLK,178.387299
2026-05-22,XLK,180.175156
2026-05-26,XLK,184.91951
2026-05-27,XLK,184.210342
2026-05-28,XLK,186.627472
2026-05-29,XLK,190.792511
2026-06-01,XLK,195.526855
2026-06-02,XLK,197.973953
2026-06-03,XLK,195.996292
2026-06-04,XLK,192.939941
2026-06-05,XLK,180.085266
2026-06-08,XLK,183.960648
2026-06-09,XLK,180.554718
2026-06-10,XLK,176.419647
2026-06-11,XLK,182.991806
2026-06-12,XLK,184.57991
2026-06-15,XLK,191.561584
2026-06-16,XLK,186.217957
2026-06-17,XLK,185.57872
2026-06-18,XLK,191.212006
2026-06-22,XLK,192.149994
2026-06-23,XLK,184.190002
2026-06-24,XLK,183.050003
2026-06-25,XLK,184.570007
2026-06-26,XLK,181.110001
2026-06-29,XLK,185.410004
2026-06-30,XLK,190.520004
2026-07-01,XLK,185.619995
2026-02-17,ZC=F,426.25
2026-02-18,ZC=F,427.0
2026-02-19,ZC=F,425.75
2026-02-20,ZC=F,427.5
2026-02-23,ZC=F,427.5
2026-02-24,ZC=F,427.75
2026-02-25,ZC=F,430.5
2026-02-26,ZC=F,433.25
2026-02-27,ZC=F,438.75
2026-03-02,ZC=F,433.25
2026-03-03,ZC=F,434.25
2026-03-04,ZC=F,431.75
2026-03-05,ZC=F,441.5
2026-03-06,ZC=F,447.0
2026-03-09,ZC=F,437.5
2026-03-10,ZC=F,436.25
2026-03-11,ZC=F,444.25
2026-03-12,ZC=F,448.25
2026-03-13,ZC=F,452.5
2026-03-16,ZC=F,454.0
2026-03-17,ZC=F,454.0
2026-03-18,ZC=F,463.25
2026-03-19,ZC=F,469.75
2026-03-20,ZC=F,465.5
2026-03-23,ZC=F,459.5
2026-03-24,ZC=F,462.5
2026-03-25,ZC=F,467.25
2026-03-26,ZC=F,467.0
2026-03-27,ZC=F,462.0
2026-03-30,ZC=F,455.75
2026-03-31,ZC=F,457.75
2026-04-01,ZC=F,454.25
2026-04-02,ZC=F,452.25
2026-04-06,ZC=F,454.0
2026-04-07,ZC=F,449.0
2026-04-08,ZC=F,447.25
2026-04-09,ZC=F,444.0
2026-04-10,ZC=F,441.0
2026-04-13,ZC=F,440.25
2026-04-14,ZC=F,443.0
2026-04-15,ZC=F,451.25
2026-04-16,ZC=F,448.5
2026-04-17,ZC=F,448.75
2026-04-20,ZC=F,452.0
2026-04-21,ZC=F,453.75
2026-04-22,ZC=F,454.25
2026-04-23,ZC=F,455.5
2026-04-24,ZC=F,455.0
2026-04-27,ZC=F,460.75
2026-04-28,ZC=F,465.25
2026-04-29,ZC=F,466.5
2026-04-30,ZC=F,464.75
2026-05-01,ZC=F,468.25
2026-05-04,ZC=F,473.75
2026-05-05,ZC=F,465.5
2026-05-06,ZC=F,452.75
2026-05-07,ZC=F,452.75
2026-05-08,ZC=F,456.25
2026-05-11,ZC=F,460.75
2026-05-12,ZC=F,467.25
2026-05-13,ZC=F,466.5
2026-05-14,ZC=F,451.5
2026-05-15,ZC=F,455.75
2026-05-18,ZC=F,477.0
2026-05-19,ZC=F,475.25
2026-05-20,ZC=F,465.75
2026-05-21,ZC=F,462.25
2026-05-22,ZC=F,463.25
2026-05-26,ZC=F,457.5
2026-05-27,ZC=F,452.5
2026-05-28,ZC=F,455.75
2026-05-29,ZC=F,446.75
2026-06-01,ZC=F,444.0
2026-06-02,ZC=F,440.5
2026-06-03,ZC=F,431.5
2026-06-04,ZC=F,424.5
2026-06-05,ZC=F,417.5
2026-06-08,ZC=F,418.75
2026-06-09,ZC=F,419.5
2026-06-10,ZC=F,419.0
2026-06-11,ZC=F,411.75
2026-06-12,ZC=F,412.75
2026-06-15,ZC=F,415.5
2026-06-16,ZC=F,413.75
2026-06-17,ZC=F,421.0
2026-06-18,ZC=F,417.5
2026-06-22,ZC=F,411.5
2026-06-23,ZC=F,409.75
2026-06-24,ZC=F,407.0
2026-06-25,ZC=F,414.75
2026-06-26,ZC=F,412.75
2026-06-29,ZC=F,402.0
2026-06-30,ZC=F,412.75
2026-07-01,ZC=F,443.0
2026-02-17,ZW=F,537.75
2026-02-18,ZW=F,547.0
2026-02-19,ZW=F,559.5
2026-02-20,ZW=F,573.5
2026-02-23,ZW=F,569.5
2026-02-24,ZW=F,567.5
2026-02-25,ZW=F,565.75
2026-02-26,ZW=F,571.75
2026-02-27,ZW=F,591.25
2026-03-02,ZW=F,574.5
2026-03-03,ZW=F,572.25
2026-03-04,ZW=F,566.75
2026-03-05,ZW=F,582.75
2026-03-06,ZW=F,611.25
2026-03-09,ZW=F,598.0
2026-03-10,ZW=F,584.75
2026-03-11,ZW=F,588.5
2026-03-12,ZW=F,592.25
2026-03-13,ZW=F,618.5
2026-03-16,ZW=F,597.25
2026-03-17,ZW=F,589.75
2026-03-18,ZW=F,604.25
2026-03-19,ZW=F,608.0
2026-03-20,ZW=F,595.25
2026-03-23,ZW=F,587.75
2026-03-24,ZW=F,590.0
2026-03-25,ZW=F,597.75
2026-03-26,ZW=F,605.0
2026-03-27,ZW=F,605.0
2026-03-30,ZW=F,607.0
2026-03-31,ZW=F,616.25
2026-04-01,ZW=F,597.5
2026-04-02,ZW=F,598.25
2026-04-06,ZW=F,595.25
2026-04-07,ZW=F,598.0
2026-04-08,ZW=F,580.25
2026-04-09,ZW=F,574.5
2026-04-10,ZW=F,571.0
2026-04-13,ZW=F,582.25
2026-04-14,ZW=F,592.0
2026-04-15,ZW=F,593.75
2026-04-16,ZW=F,598.5
2026-04-17,ZW=F,591.25
2026-04-20,ZW=F,597.0
2026-04-21,ZW=F,605.0
2026-04-22,ZW=F,599.25
2026-04-23,ZW=F,610.75
2026-04-24,ZW=F,608.25
2026-04-27,ZW=F,621.5
2026-04-28,ZW=F,649.0
2026-04-29,ZW=F,642.25
2026-04-30,ZW=F,623.75
2026-05-01,ZW=F,624.5
2026-05-04,ZW=F,629.5
2026-05-05,ZW=F,616.5
2026-05-06,ZW=F,606.0
2026-05-07,ZW=F,601.75
2026-05-08,ZW=F,607.5
2026-05-11,ZW=F,622.25
2026-05-12,ZW=F,665.0
2026-05-13,ZW=F,665.0
2026-05-14,ZW=F,647.0
2026-05-15,ZW=F,635.75
2026-05-18,ZW=F,664.5
2026-05-19,ZW=F,667.25
2026-05-20,ZW=F,660.5
2026-05-21,ZW=F,647.5
2026-05-22,ZW=F,646.25
2026-05-26,ZW=F,635.5
2026-05-27,ZW=F,622.5
2026-05-28,ZW=F,624.0
2026-05-29,ZW=F,610.5
2026-06-01,ZW=F,608.75
2026-06-02,ZW=F,603.0
2026-06-03,ZW=F,587.25
2026-06-04,ZW=F,581.75
2026-06-05,ZW=F,580.0
2026-06-08,ZW=F,583.25
2026-06-09,ZW=F,585.25
2026-06-10,ZW=F,587.5
2026-06-11,ZW=F,586.75
2026-06-12,ZW=F,584.5
2026-06-15,ZW=F,589.75
2026-06-16,ZW=F,596.0
2026-06-17,ZW=F,612.75
2026-06-18,ZW=F,605.75
2026-06-22,ZW=F,597.5
2026-06-23,ZW=F,586.75
2026-06-24,ZW=F,585.75
2026-06-25,ZW=F,591.0
2026-06-26,ZW=F,578.25
2026-06-29,ZW=F,569.5
2026-06-30,ZW=F,580.75
2026-07-01,ZW=F,601.0
2026-02-17,^IRX,3.593
2026-02-18,^IRX,3.603
2026-02-19,^IRX,3.595
2026-02-20,^IRX,3.595
2026-02-23,^IRX,3.588
2026-02-24,^IRX,3.588
2026-02-25,^IRX,3.588
2026-02-26,^IRX,3.588
2026-02-27,^IRX,3.578
2026-03-02,^IRX,3.59
2026-03-03,^IRX,3.595
2026-03-04,^IRX,3.595
2026-03-05,^IRX,3.588
2026-03-06,^IRX,3.57
2026-03-09,^IRX,3.593
2026-03-10,^IRX,3.595
2026-03-11,^IRX,3.6
2026-03-12,^IRX,3.605
2026-03-13,^IRX,3.603
2026-03-16,^IRX,3.605
2026-03-17,^IRX,3.605
2026-03-18,^IRX,3.61
2026-03-19,^IRX,3.612
2026-03-20,^IRX,3.618
2026-03-23,^IRX,3.612
2026-03-24,^IRX,3.62
2026-03-25,^IRX,3.62
2026-03-26,^IRX,3.62
2026-03-27,^IRX,3.607
2026-03-30,^IRX,3.598
2026-03-31,^IRX,3.6
2026-04-01,^IRX,3.605
2026-04-02,^IRX,3.607
2026-04-06,^IRX,3.623
2026-04-07,^IRX,3.615
2026-04-08,^IRX,3.6
2026-04-09,^IRX,3.588
2026-04-10,^IRX,3.593
2026-04-13,^IRX,3.603
2026-04-14,^IRX,3.612
2026-04-15,^IRX,3.612
2026-04-16,^IRX,3.61
2026-04-17,^IRX,3.6
2026-04-20,^IRX,3.598
2026-04-21,^IRX,3.598
2026-04-22,^IRX,3.595
2026-04-23,^IRX,3.595
2026-04-24,^IRX,3.593
2026-04-27,^IRX,3.59
2026-04-28,^IRX,3.59
2026-04-29,^IRX,3.59
2026-04-30,^IRX,3.585
2026-05-01,^IRX,3.575
2026-05-04,^IRX,3.59
2026-05-05,^IRX,3.6
2026-05-06,^IRX,3.6
2026-05-07,^IRX,3.598
2026-05-08,^IRX,3.595
2026-05-11,^IRX,3.6
2026-05-12,^IRX,3.603
2026-05-13,^IRX,3.6
2026-05-14,^IRX,3.588
2026-05-15,^IRX,3.588
2026-05-18,^IRX,3.568
2026-05-19,^IRX,3.575
2026-05-20,^IRX,3.557
2026-05-21,^IRX,3.582
2026-05-22,^IRX,3.585
2026-05-26,^IRX,3.582
2026-05-27,^IRX,3.585
2026-05-28,^IRX,3.59
2026-05-29,^IRX,3.588
2026-06-01,^IRX,3.62
2026-06-02,^IRX,3.618
2026-06-03,^IRX,3.623
2026-06-04,^IRX,3.62
2026-06-05,^IRX,3.625
2026-06-08,^IRX,3.628
2026-06-09,^IRX,3.635
2026-06-10,^IRX,3.635
2026-06-11,^IRX,3.623
2026-06-12,^IRX,3.618
2026-06-15,^IRX,3.618
2026-06-16,^IRX,3.63
2026-06-17,^IRX,3.647
2026-06-18,^IRX,3.658
2026-06-22,^IRX,3.68
2026-06-23,^IRX,3.69
2026-06-24,^IRX,3.69
2026-06-25,^IRX,3.68
2026-06-26,^IRX,3.663
2026-07-01,^IRX,3.7
2026-02-17,^TNX,4.052
2026-02-18,^TNX,4.079
2026-02-19,^TNX,4.075
2026-02-20,^TNX,4.086
2026-02-23,^TNX,4.029
2026-02-24,^TNX,4.033
2026-02-25,^TNX,4.048
2026-02-26,^TNX,4.017
2026-02-27,^TNX,3.962
2026-03-02,^TNX,4.048
2026-03-03,^TNX,4.056
2026-03-04,^TNX,4.08
2026-03-05,^TNX,4.146
2026-03-06,^TNX,4.133
2026-03-09,^TNX,4.136
2026-03-10,^TNX,4.136
2026-03-11,^TNX,4.208
2026-03-12,^TNX,4.273
2026-03-13,^TNX,4.285
2026-03-16,^TNX,4.22
2026-03-17,^TNX,4.202
2026-03-18,^TNX,4.259
2026-03-19,^TNX,4.281
2026-03-20,^TNX,4.391
2026-03-23,^TNX,4.334
2026-03-24,^TNX,4.392
2026-03-25,^TNX,4.328
2026-03-26,^TNX,4.416
2026-03-27,^TNX,4.44
2026-03-30,^TNX,4.342
2026-03-31,^TNX,4.311
2026-04-01,^TNX,4.319
2026-04-02,^TNX,4.313
2026-04-06,^TNX,4.335
2026-04-07,^TNX,4.343
2026-04-08,^TNX,4.291
2026-04-09,^TNX,4.293
2026-04-10,^TNX,4.317
2026-04-13,^TNX,4.297
2026-04-14,^TNX,4.256
2026-04-15,^TNX,4.282
2026-04-16,^TNX,4.309
2026-04-17,^TNX,4.246
2026-04-20,^TNX,4.25
2026-04-21,^TNX,4.292
2026-04-22,^TNX,4.294
2026-04-23,^TNX,4.323
2026-04-24,^TNX,4.31
2026-04-27,^TNX,4.336
2026-04-28,^TNX,4.354
2026-04-29,^TNX,4.418
2026-04-30,^TNX,4.39
2026-05-01,^TNX,4.378
2026-05-04,^TNX,4.446
2026-05-05,^TNX,4.416
2026-05-06,^TNX,4.356
2026-05-07,^TNX,4.392
2026-05-08,^TNX,4.364
2026-05-11,^TNX,4.41
2026-05-12,^TNX,4.463
2026-05-13,^TNX,4.481
2026-05-14,^TNX,4.461
2026-05-15,^TNX,4.595
2026-05-18,^TNX,4.623
2026-05-19,^TNX,4.667
2026-05-20,^TNX,4.572
2026-05-21,^TNX,4.586
2026-05-22,^TNX,4.558
2026-05-26,^TNX,4.493
2026-05-27,^TNX,4.481
2026-05-28,^TNX,4.455
2026-05-29,^TNX,4.453
2026-06-01,^TNX,4.475
2026-06-02,^TNX,4.455
2026-06-03,^TNX,4.491
2026-06-04,^TNX,4.477
2026-06-05,^TNX,4.536
2026-06-08,^TNX,4.552
2026-06-09,^TNX,4.528
2026-06-10,^TNX,4.542
2026-06-11,^TNX,4.463
2026-06-12,^TNX,4.487
2026-06-15,^TNX,4.469
2026-06-16,^TNX,4.428
2026-06-17,^TNX,4.463
2026-06-18,^TNX,4.451
2026-06-22,^TNX,4.509
2026-06-23,^TNX,4.493
2026-06-24,^TNX,4.402
2026-06-25,^TNX,4.392
2026-06-26,^TNX,4.372
2026-07-01,^TNX,4.475
2026-02-17,^VIX,20.290001
2026-02-18,^VIX,19.620001
2026-02-19,^VIX,20.23
2026-02-20,^VIX,19.09
2026-02-23,^VIX,21.01
2026-02-24,^VIX,19.549999
2026-02-25,^VIX,17.93
2026-02-26,^VIX,18.629999
2026-02-27,^VIX,19.860001
2026-03-02,^VIX,21.440001
2026-03-03,^VIX,23.57
2026-03-04,^VIX,21.15
2026-03-05,^VIX,23.75
2026-03-06,^VIX,29.49
2026-03-10,^VIX,24.93
2026-03-11,^VIX,24.23
2026-03-12,^VIX,27.290001
2026-03-13,^VIX,27.190001
2026-03-16,^VIX,23.51
2026-03-17,^VIX,22.370001
2026-03-18,^VIX,25.09
2026-03-19,^VIX,24.059999
2026-03-20,^VIX,26.780001
2026-03-23,^VIX,26.15
2026-03-24,^VIX,26.950001
2026-03-25,^VIX,25.33
2026-03-26,^VIX,27.440001
2026-03-27,^VIX,31.049999
2026-03-30,^VIX,30.610001
2026-03-31,^VIX,25.25
2026-04-01,^VIX,24.540001
2026-04-02,^VIX,23.870001
2026-04-06,^VIX,24.17
2026-04-07,^VIX,25.780001
2026-04-08,^VIX,21.040001
2026-04-09,^VIX,19.49
2026-04-10,^VIX,19.23
2026-04-13,^VIX,19.120001
2026-04-14,^VIX,18.360001
2026-04-15,^VIX,18.17
2026-04-16,^VIX,17.940001
2026-04-17,^VIX,17.48
2026-04-20,^VIX,18.870001
2026-04-21,^VIX,19.5
2026-04-22,^VIX,18.92
2026-04-23,^VIX,19.309999
2026-04-24,^VIX,18.709999
2026-04-27,^VIX,18.02
2026-04-28,^VIX,17.83
2026-04-29,^VIX,18.809999
2026-04-30,^VIX,16.889999
2026-05-01,^VIX,16.99
2026-05-04,^VIX,18.290001
2026-05-05,^VIX,17.379999
2026-05-06,^VIX,17.389999
2026-05-07,^VIX,17.08
2026-05-08,^VIX,17.190001
2026-05-11,^VIX,18.379999
2026-05-12,^VIX,17.99
2026-05-13,^VIX,17.870001
2026-05-14,^VIX,17.26
2026-05-15,^VIX,18.43
2026-05-18,^VIX,17.82
2026-05-19,^VIX,18.059999
2026-05-20,^VIX,17.440001
2026-05-21,^VIX,16.76
2026-05-22,^VIX,16.700001
2026-05-25,^VIX,16.59
2026-05-26,^VIX,17.01
2026-05-27,^VIX,16.290001
2026-05-28,^VIX,15.74
2026-05-29,^VIX,15.32
2026-06-01,^VIX,16.049999
2026-06-02,^VIX,15.77
2026-06-03,^VIX,16.059999
2026-06-04,^VIX,15.4
2026-06-05,^VIX,21.51
2026-06-08,^VIX,18.92
2026-06-09,^VIX,19.870001
2026-06-10,^VIX,22.219999
2026-06-11,^VIX,19.440001
2026-06-12,^VIX,17.68
2026-06-15,^VIX,16.200001
2026-06-16,^VIX,16.41
2026-06-17,^VIX,18.440001
2026-06-18,^VIX,16.4
2026-06-22,^VIX,17.280001
2026-06-23,^VIX,19.49
2026-06-24,^VIX,18.629999
2026-06-25,^VIX,18.889999
2026-06-26,^VIX,18.41
2026-06-29,^VIX,17.65
2026-06-30,^VIX,16.450001
2026-07-01,^VIX,16.59
